,word_count,sentence_count,sentence_length,fraction_sentence_relative,relative_clause_length,alius,antequam,atque_consonant,conjunction,cum_clause,demonstrative,dum,gerundive,idem,interrogative,ipse,iste,o_interjection,personal,preposition,priusquam,quidam,quin,quominus,reflexive,si,superlative,ut
ammianus.rerum_gestarum.part.14.txt,8221,269,30.50557621,0.605947955,5.661016949,0.003284272,0.00012164,0.001338037,0.087458947,0.003527551,0.027977132,0.001094757,0.009366257,0.004987228,0.000243279,0.001459676,0.00012164,0,0.007298382,0.064104124,0,0.005717066,0.00012164,0,0.004622309,0.003770831,0.002311154,0.013137088
ammianus.rerum_gestarum.part.15.txt,6872,247,27.74089069,0.481781377,5.647398844,0.003637951,0.000436554,0.000291036,0.083818393,0.002182771,0.026629802,0.001746217,0.011059371,0.003346915,0,0.002764843,0,0,0.008440047,0.063154831,0,0.003201397,0,0,0.005384168,0.002764843,0.003055879,0.015279395
ammianus.rerum_gestarum.part.16.txt,7676,243,31.44855967,0.547325103,5.472222222,0.003256905,0.000260552,0.000260552,0.087675873,0.003256905,0.023710266,0.001302762,0.013288171,0.003517457,0.000521105,0.002866076,0.000260552,0.000130276,0.010291819,0.061229807,0,0.005211047,0.000130276,0,0.007034914,0.003517457,0.003126628,0.012376238
ammianus.rerum_gestarum.part.17.txt,7396,266,27.7556391,0.503759398,5.323076923,0.002704164,0.000270416,0.000540833,0.086668469,0.001622499,0.020822066,0.001622499,0.010951866,0.004867496,0.000270416,0.002568956,0,0,0.008788534,0.054083288,0,0.002433748,0,0,0.005273121,0.003650622,0.002839373,0.012574365
ammianus.rerum_gestarum.part.18.txt,5042,152,33.13157895,0.578947368,5.231343284,0.002181674,0,0.000396668,0.08389528,0.003768346,0.022015073,0.003570012,0.0099167,0.006148354,0.000793336,0.002776676,0,0,0.0099167,0.06307021,0,0.003173344,0.000396668,0,0.003173344,0.003371678,0.006545022,0.01090837
ammianus.rerum_gestarum.part.19.txt,5710,174,32.7816092,0.534482759,5.693877551,0.005078809,0.000350263,0.000175131,0.081260946,0.002276708,0.015061296,0.002276708,0.010683012,0.00385289,0,0.002101576,0,0,0.006654991,0.063047285,0.000175131,0.00385289,0,0.000175131,0.00262697,0.002977233,0.003152364,0.012434326
ammianus.rerum_gestarum.part.20.txt,6488,222,29.17117117,0.572072072,5.087431694,0.002620222,0.000308261,0.000770654,0.091245376,0.005086313,0.021115906,0.001849568,0.008323058,0.006011097,0,0.002774353,0,0,0.008014797,0.055487053,0,0.002620222,0,0,0.004161529,0.003236745,0.003853268,0.010789149
ammianus.rerum_gestarum.part.21.txt,7146,250,28.5,0.528,5.331632653,0.004058214,0.000559754,0.000279877,0.095577946,0.002938707,0.02672824,0.0018192,0.013713966,0.004617968,0.000279877,0.002239015,0,0,0.009235936,0.060733277,0,0.003498461,0.000559754,0,0.006577106,0.003918276,0.003638399,0.014413658
ammianus.rerum_gestarum.part.22.txt,8920,303,29.35313531,0.633663366,6.034602076,0.004035874,0.000224215,0.000336323,0.088340807,0.002466368,0.026233184,0.001233184,0.008744395,0.004596413,0.000336323,0.002914798,0,0.000336323,0.006502242,0.067040359,0,0.004147982,0.00044843,0,0.004484305,0.002690583,0.003475336,0.010874439
ammianus.rerum_gestarum.part.23.txt,6843,269,25.39405204,0.557620818,6.077294686,0.004091773,0.000584539,0.000730674,0.100102294,0.002045886,0.027911735,0.000730674,0.007891276,0.003799503,0,0.004237907,0,0,0.005699255,0.059622972,0,0.002630425,0,0,0.002922695,0.003214964,0.006429928,0.011398509
ammianus.rerum_gestarum.part.24.txt,5786,208,27.77884615,0.533653846,5.575,0.004493605,0.000172831,0.000518493,0.078638092,0.00362945,0.01607328,0.001555479,0.008468718,0.003110957,0,0.003802281,0.000172831,0,0.009160041,0.053750432,0,0.002765296,0.000172831,0,0.005703422,0.002246803,0.005184929,0.010024196
ammianus.rerum_gestarum.part.25.txt,6813,237,28.71729958,0.561181435,5.089005236,0.003229121,0.000293556,0.000587113,0.085865258,0.003229121,0.022897402,0.002642008,0.010568032,0.003816234,0.000293556,0.003082343,0.000293556,0.000146778,0.007632467,0.062821077,0,0.004696903,0,0,0.00410979,0.004403347,0.003963012,0.013356818
ammianus.rerum_gestarum.part.26.txt,6323,194,32.54123711,0.551546392,4.946745562,0.00284675,0.000158153,0.001107069,0.081132374,0.001897833,0.022299541,0.001265222,0.011861458,0.005535347,0,0.002688597,0,0,0.00743318,0.066266013,0,0.005377194,0.000158153,0.000158153,0.006009805,0.003479361,0.005377194,0.013284833
ammianus.rerum_gestarum.part.27.txt,6282,216,29.03240741,0.62037037,5.303664921,0.003342884,0.00063674,0.000159185,0.087233365,0.003024514,0.024992041,0.001432665,0.012098058,0.004138809,0.000477555,0.00286533,0,0,0.007959249,0.0614454,0,0.00286533,0,0,0.005253104,0.003979624,0.004457179,0.011938873
ammianus.rerum_gestarum.part.28.txt,7162,245,29.1755102,0.563265306,5.494736842,0.003909522,0.000418877,0.000698129,0.086288746,0.002932142,0.028902541,0.001815135,0.011030438,0.005305781,0.000279252,0.003351019,0,0,0.007260542,0.066461882,0,0.006422787,0.000279252,0,0.006422787,0.0043284,0.003630271,0.018011729
ammianus.rerum_gestarum.part.29.txt,7697,236,32.54661017,0.690677966,5.190082645,0.003118098,0.000129921,0.000779524,0.077302845,0.002988177,0.022995972,0.00181889,0.010913343,0.004677147,0.000389762,0.00519683,0.000129921,0.000129921,0.006755879,0.064960374,0,0.004417305,0.000129921,0,0.005066909,0.003637781,0.00350786,0.012472392
ammianus.rerum_gestarum.part.30.txt,6066,178,34.02808989,0.662921348,5.236842105,0.002967359,0.000329707,0.001153973,0.084240026,0.003956479,0.030333004,0.00098912,0.013353116,0.003626772,0,0.003956479,0,0,0.007253544,0.062479393,0,0.003956479,0,0,0.005440158,0.005440158,0.003132212,0.015496208
ammianus.rerum_gestarum.part.31.txt,9603,334,28.73652695,0.502994012,5.481781377,0.00354056,0.000104134,0.000833073,0.091429762,0.001353744,0.019577215,0.00177028,0.012079558,0.005206706,0,0.00354056,0,0,0.006248047,0.060918463,0,0.002915755,0,0,0.005414974,0.002707487,0.002290951,0.010934083
apuleius.apologia.txt,21963,946,23.10887949,0.489429175,6.113333333,0.002640805,0.000136593,0.000182124,0.093839639,0.002231025,0.038382735,0.000637436,0.007876884,0.005418203,0.010290033,0.004780768,0.004279925,0.000500842,0.033465374,0.052178664,0.000546373,0.002003369,0.001047216,0,0.005327141,0.012247871,0.005327141,0.010790876
apuleius.florida.txt,7937,279,28.25806452,0.523297491,6.168776371,0.003275797,0,0.000251984,0.108605266,0.002141867,0.033765907,0.000881945,0.008189492,0.003275797,0.003149805,0.003527781,0.001763891,0.000251984,0.025450422,0.04951493,0.000503969,0.002015875,0.001889883,0,0.005921633,0.007937508,0.007181555,0.008189492
apuleius.metamorphoses.part.1.txt,4132,172,23.26162791,0.36627907,6.021978022,0.002420136,0,0.000968054,0.101403679,0.001452081,0.038722168,0.002662149,0.001936108,0.003146176,0.009438529,0.005082285,0.006292352,0.000242014,0.036544046,0.043562439,0.000242014,0.001452081,0.000484027,0,0.002662149,0.002904163,0.002904163,0.007986447
apuleius.metamorphoses.part.10.txt,5796,163,35.41104294,0.539877301,6.457142857,0.002760524,0.000172533,0.001552795,0.09799862,0.001380262,0.027950311,0.000690131,0.004830918,0.003450656,0.001207729,0.006038647,0.003968254,0,0.020876467,0.035541753,0.000345066,0.002933057,0.000172533,0,0.006901311,0.003278123,0.00931677,0.005348516
apuleius.metamorphoses.part.11.txt,4946,148,33.31756757,0.513513514,7.175,0.002426203,0,0.000404367,0.092397897,0.001213101,0.01860089,0.000808734,0.005863324,0.002224019,0.001415285,0.007076425,0.003841488,0,0.024059846,0.033966842,0,0.001819652,0.000404367,0,0.002021836,0.002426203,0.004448039,0.002628387
apuleius.metamorphoses.part.2.txt,4931,180,26.73333333,0.366666667,6.766666667,0.002839181,0.000202799,0.000608396,0.102413304,0.002433583,0.037314946,0.002433583,0.002839181,0.002027986,0.004258771,0.00588116,0.004664368,0.000405597,0.026972217,0.04562969,0.000202799,0.003650375,0.001013993,0,0.001216792,0.002027986,0.003041979,0.006083959
apuleius.metamorphoses.part.3.txt,4158,121,34.01652893,0.570247934,6.586538462,0.001443001,0,0.001202501,0.097162097,0.002405002,0.028138528,0.001443001,0.003367003,0.002405002,0.001683502,0.006734007,0.005772006,0.0002405,0.034391534,0.041366041,0.000481,0.004329004,0.0002405,0,0.002645503,0.002164502,0.005291005,0.004810005
apuleius.metamorphoses.part.4.txt,5165,143,35.8951049,0.440559441,7.528735632,0.001548887,0,0.001161665,0.099709584,0.001161665,0.023233301,0.001161665,0.004840271,0.002129719,0.003678606,0.005614714,0.003291384,0.000193611,0.024782188,0.037560503,0,0.003678606,0.000193611,0,0.006582769,0.001742498,0.005227493,0.004259439
apuleius.metamorphoses.part.5.txt,4652,168,27.38690476,0.380952381,6.585365854,0.002579536,0,0.001934652,0.10855546,0.001934652,0.035898538,0.001504729,0.003009458,0.000859845,0.004514187,0.006878762,0.005374033,0.000214961,0.033319003,0.028804815,0.000214961,0.001504729,0,0,0.007093723,0.005803955,0.003869304,0.006018917
apuleius.metamorphoses.part.6.txt,4581,166,27.21686747,0.391566265,6.530864198,0.002401222,0.000218293,0.001746344,0.117005021,0.001746344,0.026413447,0.001964637,0.00371098,0.001746344,0.007203667,0.00589391,0.007203667,0.000218293,0.027941497,0.035581751,0,0.001528051,0.000436586,0,0.005020738,0.003274394,0.003274394,0.003056101
apuleius.metamorphoses.part.7.txt,4140,137,29.97080292,0.394160584,6.666666667,0.002415459,0,0.002415459,0.116425121,0.001932367,0.028985507,0.000966184,0.00531401,0.003140097,0.003864734,0.007246377,0.004347826,0,0.033091787,0.033091787,0,0.003864734,0.000966184,0,0.004347826,0.003864734,0.007729469,0.005072464
apuleius.metamorphoses.part.8.txt,4874,172,28.14534884,0.377906977,6.967391304,0.003898236,0,0.000615511,0.100943783,0.001025851,0.02790316,0.001231022,0.003282725,0.001641362,0.002872384,0.004513746,0.002872384,0,0.023389413,0.038572015,0.00020517,0.004924087,0.000820681,0,0.00677062,0.001846533,0.005744768,0.003487895
apuleius.metamorphoses.part.9 2.txt,6584,212,30.83018868,0.410377358,6.8,0.001974484,0,0.00136695,0.104191981,0.0009113,0.034477521,0.001518834,0.002885784,0.0018226,0.002430134,0.005923451,0.00318955,0.000151883,0.023238153,0.040704739,0,0.004708384,0.00045565,0,0.007290401,0.002582017,0.006075334,0.006834751
apuleius.metamorphoses.part.9.txt,6584,212,30.83018868,0.410377358,6.8,0.001974484,0,0.00136695,0.104191981,0.0009113,0.034477521,0.001518834,0.002885784,0.0018226,0.002430134,0.005923451,0.00318955,0.000151883,0.023238153,0.040704739,0,0.004708384,0.00045565,0,0.007290401,0.002582017,0.006075334,0.006834751
augustine.epistulae_11_20.part.2.txt,4815,195,24.68205128,0.625641026,5.363636364,0.002076843,0,0.001869159,0.114641745,0.004153686,0.038213915,0.000415369,0.012253375,0.003738318,0.004569055,0.00768432,0.00290758,0.000207684,0.044029076,0.057736241,0,0.004361371,0,0,0.002699896,0.017445483,0.006022845,0.013707165
augustine.epistulae_1_10.part.1.txt,4791,270,17.72222222,0.474074074,5.107476636,0.004591943,0.000417449,0.00313087,0.109371739,0.006261741,0.044875809,0.000626174,0.013567105,0.00313087,0.013149656,0.005635567,0.004383219,0.000626174,0.043206011,0.051972448,0.000626174,0.00354832,0,0,0.005426842,0.012106032,0.007722814,0.014193279
augustine.epistulae_21_30.part.3.txt,13013,476,27.34243697,0.581932773,6.191489362,0.002074848,0.000230539,0.001306386,0.111350188,0.003073849,0.033197572,0.00061477,0.010374241,0.00345808,0.00468762,0.006224545,0.002151694,0.000537924,0.047337278,0.058941059,7.68E-05,0.000768462,0.000153692,0,0.002997003,0.013294398,0.005071851,0.012679628
augustine.epistulae_31_40.part.4.txt,14078,615,22.86829268,0.557723577,5.590509666,0.00326751,7.10E-05,0.001278591,0.10640716,0.003125444,0.038997017,0.000568263,0.010796988,0.004830232,0.00504333,0.00781361,0.004333002,0.000355164,0.030899275,0.058886205,0,0.001065492,0,7.10E-05,0.003977838,0.013141071,0.004617133,0.013496235
augustine.epistulae_41_50.part.5.txt,12367,456,27.11403509,0.629385965,5.595978062,0.003719576,0.000404302,0.000970324,0.107059109,0.003638716,0.044715776,0.000566022,0.008409477,0.005094202,0.004851621,0.009945824,0.00234495,0.000404302,0.026360475,0.07067195,8.09E-05,0.001293766,0,0,0.004851621,0.015363467,0.003962157,0.010835287
augustine.epistulae_51_62.part.6.txt,14067,445,31.60449438,0.635955056,5.652951699,0.003838772,7.11E-05,0.00085306,0.112817232,0.00390986,0.04123125,0.000568707,0.010663254,0.003696595,0.002701358,0.008317338,0.003554418,7.11E-05,0.022535011,0.07990332,0,0.001777209,0.000142177,7.11E-05,0.003625507,0.012866994,0.003980948,0.010236724
caesar.de_bello_civili.part.1.txt,10903,526,20.7243346,0.463878327,6.556818182,0.002109511,0,0.000458589,0.086031368,0.001650922,0.035678254,0.000733743,0.007979455,0.005961662,0.000550307,0.004219022,0,0,0.016050628,0.081720627,0.000183436,0.000183436,0.000366872,0.000183436,0.015408603,0.004677612,0.003210126,0.009446941
caesar.de_bello_civili.part.2.txt,6398,314,20.3566879,0.474522293,6.426470588,0.002344483,0,0.000625195,0.085026571,0.00140669,0.033447952,0.000468897,0.007189747,0.006095655,0.003907471,0.003751172,0,0,0.019537355,0.078305721,0.000312598,0.001094092,0.001094092,0.000312598,0.013441701,0.002969678,0.003125977,0.009846827
caesar.de_bello_civili.part.3.txt,15059,632,23.80379747,0.515822785,6.426724138,0.001792948,6.64E-05,0.000265622,0.090643469,0.004050734,0.039245634,0.000199216,0.008898333,0.006242114,0.000199216,0.003652301,0,0,0.012949067,0.078225646,0.000265622,0.001527326,0.000398433,6.64E-05,0.010824092,0.003453085,0.00278903,0.010292848
caesar.de_bello_gallico.part.1.txt,8173,316,25.86075949,0.613924051,7.087349398,0.001468249,0,0.000367062,0.076471308,0.00269179,0.047106326,0.00061177,0.006851829,0.006240059,0.001101187,0.005872996,0,0,0.022268445,0.079040744,0.000122354,0.000244708,0.000856479,0.000244708,0.021167258,0.007708308,0.005016518,0.009054203
caesar.de_bello_gallico.part.2.txt,4157,139,29.90647482,0.618705036,7.722222222,0.002886697,0,0.000481116,0.078903055,0.004811162,0.037527063,0,0.008660091,0.004570604,0.000240558,0.003608371,0,0,0.018041857,0.092855425,0.000481116,0.000240558,0.000481116,0,0.014192928,0.003608371,0.004570604,0.009381766
caesar.de_bello_gallico.part.3.txt,3587,121,29.6446281,0.661157025,7.069230769,0.002787845,0,0.000278784,0.085029272,0.005018121,0.037635907,0.000278784,0.011987733,0.00557569,0,0.00250906,0,0,0.014496794,0.07499303,0.000278784,0.000278784,0.000836353,0,0.012266518,0.003624198,0.00250906,0.007248397
caesar.de_bello_gallico.part.4.txt,4581,163,28.09202454,0.699386503,7.594736842,0.001528051,0,0.001091465,0.081204977,0.003492687,0.044095176,0.001091465,0.011787819,0.004584152,0.000218293,0.002837808,0,0,0.020519537,0.086444008,0.000436586,0.000218293,0.000436586,0.000218293,0.018118315,0.005239031,0.003929273,0.006985374
caesar.de_bello_gallico.part.5.txt,7378,299,24.67558528,0.498327759,6.907488987,0.001626457,0,0.000406614,0.079018704,0.003117376,0.042287883,0.000542152,0.010029818,0.004337219,0.00067769,0.00352399,0,0,0.01626457,0.088912985,0.000271076,0.00067769,0.000406614,0,0.013689347,0.005014909,0.00352399,0.008538899
caesar.de_bello_gallico.part.6.txt,5470,239,22.87866109,0.510460251,6.505434783,0.002559415,0,0.000548446,0.088117002,0.0023766,0.041864717,0.000182815,0.006764168,0.00786106,0.000182815,0.003473492,0,0,0.01535649,0.085191956,0.000365631,0.000548446,0.000182815,0,0.013893967,0.00511883,0.00274223,0.009323583
caesar.de_bello_gallico.part.7.txt,11477,501,22.90818363,0.550898204,7.004987531,0.001916877,0,0.000174262,0.072057158,0.002788185,0.034329529,0.000871308,0.010194302,0.00784177,0.000871308,0.005140716,8.71E-05,0,0.014028056,0.078243443,0.000348523,0.000348523,0.000609915,8.71E-05,0.011327002,0.005314978,0.0022654,0.008451686
caesar.de_bello_gallico.part.8.txt,6478,247,26.22672065,0.603238866,6.806324111,0.000308737,0,0.000154369,0.071781414,0.005711639,0.022229083,0.000463106,0.012966965,0.007564063,0,0.005402902,0,0,0.013738808,0.067613461,0,0.000771843,0.000463106,0.000154369,0.009725224,0.005557271,0.004322322,0.006329114
caesar_augustus.res_gestae_divi_augusti.txt,2613,109,23.97247706,0.587155963,8.9,0.001530808,0,0,0.087638729,0.003061615,0.020283199,0,0.005357826,0.003444317,0,0.001148106,0,0,0.015690777,0.088021431,0.000382702,0,0,0,0.000382702,0.000765404,0.000765404,0.002296211
celsus.de_medicina.part.1.txt,7555,323,23.39009288,0.569659443,5.077441077,0.010456651,0.000132363,0.000661813,0.12177366,0.003309067,0.047253475,0.000529451,0.012971542,0.00741231,0.000397088,0.004235606,0.002117803,0,0.005823958,0.062607545,0,0.002382528,0.000264725,0.000132363,0.004765056,0.019457313,0.003706155,0.006221046
celsus.de_medicina.part.2.txt,13212,529,24.97353497,0.517958412,4.90809628,0.004465637,0.000302755,0.000983954,0.140554042,0.001513775,0.035195277,0.000227066,0.006887678,0.005903724,0.000151378,0.003330306,0.000454133,0,0.002724796,0.063957009,0,0.003935816,0.000302755,0.000302755,0.002270663,0.027702089,0.003330306,0.006660612
celsus.de_medicina.part.3.txt,13332,609,21.88341544,0.484400657,4.715710723,0.005925593,0.00030003,0.000150015,0.125862586,0.002550255,0.040879088,0.000675068,0.025277528,0.007050705,7.50E-05,0.004575458,0.000525053,7.50E-05,0.003525353,0.059705971,0,0.003450345,0.000375038,0.000225023,0.003150315,0.025952595,0.003825383,0.00870087
celsus.de_medicina.part.4.txt,10967,511,21.4109589,0.432485323,4.82674772,0.002735479,0.000182365,0.000729461,0.126196772,0.002188383,0.039573265,0.001003009,0.019239537,0.006200419,0,0.003738488,0.000547096,0,0.003009027,0.0656515,0,0.002461931,9.12E-05,9.12E-05,0.002644297,0.019148354,0.003009027,0.006291602
celsus.de_medicina.part.5.txt,17567,814,21.63144963,0.514742015,4.847058824,0.004553993,0.00011385,0.000398474,0.116582228,0.001252348,0.040018216,0.001024648,0.014288154,0.007286389,0,0.002220072,0.000170775,0,0.001992372,0.05732339,0,0.004155519,5.69E-05,0.0002277,0.001707747,0.015995901,0.001992372,0.005123242
celsus.de_medicina.part.6.txt,11363,502,22.65338645,0.511952191,5.17765043,0.002992168,8.80E-05,0.00035202,0.111854264,0.001936108,0.048402711,0.000616034,0.025521429,0.009416527,0,0.003520197,0.00035202,0,0.003080172,0.062307489,0,0.003784212,8.80E-05,0.00035202,0.002376133,0.017072956,0.002288128,0.004840271
celsus.de_medicina.part.7.txt,17637,778,22.63496144,0.562982005,4.867088608,0.003061745,0.000283495,0.000283495,0.117140103,0.001417475,0.046606566,0.000226796,0.028179396,0.010092419,0,0.006066791,0.000226796,0,0.003515337,0.072858196,5.67E-05,0.003968929,0.000226796,5.67E-05,0.002948347,0.020638431,0.001417475,0.011283098
celsus.de_medicina.part.8.txt,11456,466,24.54077253,0.564377682,4.740554156,0.002531425,0.000174581,0.000523743,0.115048883,0.001483939,0.044605447,0.000436453,0.026623603,0.010125698,0,0.004539106,8.73E-05,0,0.003753492,0.080656425,0,0.002618715,0.000261872,8.73E-05,0.003578911,0.021124302,0.001920391,0.009165503
cicero.academica.txt,4887,166,29.38554217,0.674698795,7.196261682,0.00634336,0,0.001636996,0.125434827,0.004297115,0.049928381,0.000818498,0.012482095,0.005729486,0.002864743,0.007571107,0.002455494,0,0.023327195,0.069776959,0,0.00634336,0.000613874,0,0.005729486,0.009412728,0.002660119,0.012891344
cicero.brutus.txt,25196,1062,23.62900188,0.528248588,6.390779363,0.002619463,0.000158755,0.00067471,0.111525639,0.005159549,0.045284966,0.000396888,0.014049849,0.00615177,0.004365772,0.006231148,0.002619463,0.000119067,0.021154151,0.059930148,3.97E-05,0.003214796,0.000277822,7.94E-05,0.004207017,0.007818701,0.004405461,0.012144785
cicero.cum_populo_gratias_egit.txt,2639,71,37.14084507,0.61971831,6.490384615,0.000378931,0,0.000757863,0.086775294,0.006062903,0.028419856,0.001136794,0.015915119,0.007199697,0.001515726,0.005683971,0,0,0.053050398,0.053050398,0.000378931,0.000757863,0.001136794,0,0.00530504,0.006062903,0.011367942,0.00795756
cicero.de_amicitia.txt,9372,415,22.52289157,0.597590361,5.705747126,0.002560819,0.000213402,0.000960307,0.112782757,0.004161332,0.042466923,0.000320102,0.013017499,0.007042254,0.005014938,0.00661545,0.002027315,0.000106701,0.020699957,0.062953478,0,0.003734528,0.000533504,0,0.008642766,0.011310286,0.004374733,0.018565941
cicero.de_divinatione.txt,27537,1422,19.36146273,0.492264416,5.098445596,0.002941497,0.000145259,0.001488906,0.107854886,0.005519846,0.042415659,0.000472092,0.00806188,0.007154011,0.014489596,0.005410902,0.002106257,0.000326833,0.016595853,0.0560337,3.63E-05,0.003014126,0.000254203,0,0.004285144,0.011076007,0.001815739,0.011584414
cicero.de_domo_sua.txt,15162,589,25.69949066,0.478777589,6.684007707,0.001846722,0.000131909,0.000791452,0.088906477,0.004814668,0.040298114,6.60E-05,0.007584751,0.005869938,0.017675768,0.004550851,0.003891307,0.000659544,0.038253529,0.058831289,0,0.000659544,0.000197863,6.60E-05,0.004221079,0.01180583,0.007914523,0.008574067
cicero.de_fato.txt,4947,201,24.6119403,0.547263682,4.523316062,0.006064281,0,0.000404285,0.120274914,0.00444714,0.057610673,0.000202143,0.00444714,0.007883566,0.006872852,0.003436426,0.001617142,0.000404285,0.011117849,0.063674955,0,0.003638569,0.000202143,0.000202143,0.002829998,0.021022842,0.000808571,0.01637356
cicero.de_finibus_bonorum_et_malorum.part.1.txt,7176,297,24.11784512,0.63973064,5.633633634,0.002787068,0.000139353,0.001254181,0.127647715,0.003901895,0.044314381,0.000139353,0.016304348,0.00654961,0.006410256,0.008918618,0.001811594,0.000139353,0.022017837,0.058110368,0,0.002647715,0.000139353,0.00041806,0.006270903,0.013656633,0.002369008,0.014492754
cicero.de_finibus_bonorum_et_malorum.part.2.txt,12672,712,17.72050562,0.476123596,5.011070111,0.00323548,0,0.000868056,0.107796717,0.003787879,0.049794823,0.000631313,0.010179924,0.007339015,0.013178662,0.008522727,0.003945707,0.000236742,0.026120581,0.052951389,0,0.001657197,0.000315657,7.89E-05,0.007733586,0.01657197,0.003393308,0.01467803
cicero.de_finibus_bonorum_et_malorum.part.3.txt,7916,330,23.86060606,0.687878788,5.110599078,0.00530571,0.000126326,0.000884285,0.117230925,0.004926731,0.055836281,0.000378979,0.014780192,0.006442648,0.004168772,0.008084891,0.002147549,0,0.018696311,0.060257706,0.000126326,0.004042446,0.000378979,0.000505306,0.00707428,0.011243052,0.001894896,0.018443658
cicero.de_finibus_bonorum_et_malorum.part.4.txt,8569,407,20.96314496,0.574938575,4.871040724,0.005718287,0.000233399,0.000700198,0.106196756,0.004784689,0.062434356,0.000350099,0.013420469,0.007118684,0.010152877,0.005484887,0.003967791,0.000233399,0.021356051,0.062784456,0.0001167,0.003034193,0.000466799,0.0001167,0.004784689,0.012720271,0.002567394,0.015521064
cicero.de_finibus_bonorum_et_malorum.part.5.txt,11094,540,20.47592593,0.524074074,5.221532091,0.004146385,0,0.000721111,0.112763656,0.004506941,0.048855237,0.000630972,0.016134848,0.005408329,0.009644853,0.009013881,0.002614026,9.01E-05,0.026410672,0.061654949,0,0.003605553,0.00153236,9.01E-05,0.01063638,0.011357491,0.002614026,0.018478457
cicero.de_haruspicum_responso.txt,7518,300,25.03666667,0.546666667,6.7,0.002128226,0,0.001862197,0.088321362,0.00292631,0.051343442,0,0.006650705,0.007980846,0.011306198,0.007581804,0.002527268,0.000532056,0.028598031,0.059989359,0,0.001596169,0.000399042,0.000133014,0.005453578,0.008512902,0.007980846,0.008246874
cicero.de_imperio_cn_pompei.txt,6668,239,27.89121339,0.543933054,8.205607477,0.00269946,0,0.00284943,0.091331734,0.00329934,0.044091182,0.00029994,0.014397121,0.00629874,0.0104979,0.00644871,0.00179964,0,0.025044991,0.066736653,0,0.00089982,0.00059988,0.00029994,0.00419916,0.00464907,0.00824835,0.01034793
cicero.de_inventione.part.1.txt,15244,646,23.39628483,0.616099071,5.132176235,0.003870375,6.56E-05,0.000131199,0.107648911,0.004526371,0.054447652,0,0.011611126,0.005182367,0.002558384,0.005182367,0.000393597,0,0.010167935,0.073930727,0,0.004067174,0.000131199,0,0.003804776,0.017449488,0.004198373,0.010430333
cicero.de_inventione.part.2.txt,17259,656,26.19969512,0.632621951,5.047674419,0.004287618,0.000115882,0.000289704,0.102497248,0.003824092,0.05614462,0.000289704,0.01326844,0.004055855,0.001854105,0.007590243,0.000289704,0,0.010545223,0.084072078,0,0.004809085,5.79E-05,0.000115882,0.006373486,0.014311374,0.002491454,0.009791993
cicero.de_lege_agraria_contra_rullum.txt,13792,640,21.525,0.509375,6.49905482,0.002175174,7.25E-05,0.001812645,0.080771462,0.003262761,0.045968677,0.000145012,0.007613109,0.006235499,0.010368329,0.004857889,0.002537703,0.000217517,0.029219838,0.057134571,0,0.000725058,0.000725058,7.25E-05,0.004060325,0.009570766,0.005147912,0.010730858
cicero.de_natura_deorum.part.1.txt,11210,485,23.09484536,0.564948454,7.140271493,0.004371097,0.000178412,0.00205174,0.115521855,0.003389831,0.039429081,0.000267618,0.006512043,0.008831401,0.010793934,0.0058876,0.003657449,0,0.019357716,0.054772525,0,0.003122212,8.92E-05,8.92E-05,0.003389831,0.011418376,0.002230152,0.011953613
cicero.de_natura_deorum.part.2.txt,15452,561,27.51693405,0.634581105,7.825448613,0.004853741,0,0.002718095,0.125097075,0.003882992,0.040641988,0.000517732,0.010160497,0.006536371,0.002394512,0.006342221,0.000517732,0,0.011713694,0.060704116,6.47E-05,0.002976961,0.000906032,6.47E-05,0.004983174,0.006989386,0.003171111,0.013461041
cicero.de_natura_deorum.part.3.txt,9104,369,24.66124661,0.574525745,6.580052493,0.002086995,0.000109842,0.000329525,0.112697715,0.002965729,0.042618629,0.000219684,0.007688928,0.008128295,0.007469244,0.004173989,0.003075571,0.000219684,0.023396309,0.051955185,0,0.00120826,0.000329525,0,0.002855888,0.012961336,0.001098418,0.01142355
cicero.de_officiis.part.1.txt,14486,550,26.33636364,0.669090909,5.276747504,0.004901284,0,0.001380643,0.128192738,0.002278062,0.040452851,0.000345161,0.025541903,0.008076764,0.00096645,0.005384509,6.90E-05,0.000138064,0.010976115,0.066063786,6.90E-05,0.003106448,0.000207097,0.000207097,0.005867734,0.010216761,0.003658705,0.016981914
cicero.de_officiis.part.2.txt,8605,360,23.9,0.630555556,4.926829268,0.004299826,0,0.000697269,0.120162696,0.005461941,0.044509006,0.000348635,0.018128995,0.006042998,0.004997095,0.004532249,0.000464846,0.000232423,0.013364323,0.062405578,0,0.001394538,0.000581058,0.000116212,0.005810575,0.009413132,0.00383498,0.0131319
cicero.de_officiis.part.3.txt,11147,558,19.97670251,0.562724014,4.773897059,0.002691307,0.00017942,0,0.103615323,0.005920876,0.052390778,0.00017942,0.01525074,0.006369427,0.009868126,0.004844353,0.001435364,0.00017942,0.015519871,0.050417153,0,0.001973625,0.000269131,0,0.008612183,0.014174217,0.002511887,0.012559433
cicero.de_optimo_genere_oratorum.txt,1606,74,21.64864865,0.540540541,5.344262295,0.008094645,0,0,0.130759651,0.005603985,0.044209215,0.000622665,0.01867995,0.004358655,0.004358655,0.00871731,0.000622665,0,0.0124533,0.065379826,0.000622665,0.003113325,0.000622665,0,0.00622665,0.016811955,0.005603985,0.018057285
cicero.de_oratore.part.1.txt,18313,410,44.59268293,0.731707317,5.762650602,0.001911211,0.000218424,0.002675695,0.119532572,0.003494785,0.050292142,0.000436848,0.020750287,0.004641511,0.00644351,0.007317206,0.003221755,0.000109212,0.027466827,0.066127887,0,0.00535139,0.00054606,0.000109212,0.004696118,0.01261399,0.005296784,0.010211325
cicero.de_oratore.part.2.txt,27105,738,36.67344173,0.642276423,5.229762878,0.004132079,3.69E-05,0.001438849,0.112451577,0.004316547,0.050691754,0.000405829,0.020070098,0.004537908,0.005681609,0.00693599,0.00269323,0,0.0269323,0.06389965,3.69E-05,0.003099059,0.000442723,3.69E-05,0.00424276,0.013134108,0.003652463,0.016823464
cicero.de_oratore.part.3.txt,16821,480,35,0.633333333,5.759628154,0.005112657,5.94E-05,0.001724035,0.121395874,0.003210273,0.04857024,0.000535045,0.017240354,0.005588253,0.005172106,0.007015041,0.00231853,0.000416146,0.021936865,0.061768028,5.94E-05,0.004577611,0.000237798,0,0.004993758,0.010165864,0.004339813,0.016943107
cicero.de_partitione_oratoria.txt,9964,446,22.30717489,0.571748879,7.032634033,0.004716981,0.000200723,0.001405058,0.142111602,0.003713368,0.036029707,0.000100361,0.03623043,0.004917704,0.004315536,0.006122039,0.001304697,0,0.00772782,0.076073866,0,0.002609394,0.000200723,0.000100361,0.0031112,0.014351666,0.002509033,0.015756724
cicero.de_provinciis_consularibus.txt,5125,179,28.60335196,0.659217877,6.819512195,0.002926829,0.000195122,0.000585366,0.093463415,0.003121951,0.047609756,0.000195122,0.00995122,0.008195122,0.00897561,0.006243902,0,0,0.031804878,0.056390244,0,0.001560976,0.000585366,0.000195122,0.005073171,0.015219512,0.011707317,0.00897561
cicero.de_republica.txt,22261,926,24.02591793,0.517278618,5.59010989,0.002740218,0.000134765,0.001033197,0.11064193,0.005255829,0.045460671,0.000134765,0.010197206,0.00557028,0.00642379,0.006828085,0.002425767,0.000179686,0.019855352,0.055702799,0,0.002830062,0.000583981,4.49E-05,0.005705045,0.009433538,0.004671848,0.013521405
cicero.de_senectute.txt,8271,384,21.5234375,0.5625,5.757412399,0.00193447,0.000362713,0.00193447,0.107604885,0.006045218,0.035424979,0.000725426,0.008705114,0.00580341,0.007496071,0.005319792,0.001813565,0.000725426,0.025027203,0.049449885,0,0.001813565,0.000604522,0.000120904,0.006407931,0.00858421,0.0027808,0.011727723
cicero.divinatio_in_c_verrem.part.1.txt,4637,151,30.69536424,0.609271523,6.442424242,0.00323485,0,0.002372223,0.080871253,0.00517576,0.055855079,0.000431313,0.012723744,0.005391417,0.00323485,0.00388182,0.00905758,0.000215657,0.035152038,0.061462152,0.000215657,0.001078283,0.000215657,0,0.007547984,0.006901014,0.009920207,0.014233341
cicero.divinatio_in_c_verrem.part.2.txt,15563,726,21.38429752,0.490358127,6.042087542,0.002955728,0.00025702,0.000706805,0.072029814,0.004112318,0.056223093,0.00025702,0.007710596,0.005782947,0.011373129,0.005397417,0.011758658,0.00051404,0.028529204,0.063162629,0,0.000706805,0.00064255,0.00012851,0.00803187,0.00931697,0.007003791,0.009638245
cicero.divinatio_in_c_verrem.part.3.txt,19056,866,21.97806005,0.467667436,6.084648494,0.001941646,0.000419815,0.000839631,0.079030227,0.004145676,0.06470403,0.000367338,0.007346767,0.006244752,0.011125105,0.00493283,0.013801427,0.000209908,0.026710747,0.064389169,0,0.001469353,0.000839631,0.000209908,0.007714106,0.009813182,0.007294291,0.013119228
cicero.divinatio_in_c_verrem.part.4.txt,24868,1336,18.60329341,0.392964072,6.21910828,0.002211678,0.000120637,0.001166157,0.081912498,0.00450378,0.050788161,0.000241274,0.006273122,0.005468876,0.018377031,0.00450378,0.008565224,0.000281486,0.027424803,0.063736529,0,0.000482548,0.000603185,8.04E-05,0.006594821,0.010334567,0.007157793,0.01057584
cicero.divinatio_in_c_verrem.part.5.txt,17218,840,20.46904762,0.478571429,6.240909091,0.002032756,0.000116158,0.000987339,0.074340806,0.003658962,0.061447323,0.000406551,0.006679057,0.004936694,0.011093042,0.004007434,0.01167383,0.000232315,0.026309676,0.066035544,5.81E-05,0.000987339,0.000406551,5.81E-05,0.007550238,0.006388663,0.006911372,0.012370775
cicero.divinatio_in_c_verrem.part.6.txt,19155,822,23.27372263,0.439172749,6.632721202,0.001827199,0.000104411,0.001774993,0.083894545,0.004228661,0.053719655,0.000261028,0.0064213,0.005951449,0.012059514,0.005116158,0.010075698,0.000678674,0.028191073,0.067919603,0,0.000991908,0.001148525,5.22E-05,0.0064213,0.007569825,0.006734534,0.010545549
cicero.divinatio_in_q_caecilium.txt,5825,226,25.76106195,0.601769912,5.875502008,0.001373391,0.000171674,0.000858369,0.084635193,0.004978541,0.057854077,0.000343348,0.012532189,0.005321888,0.011330472,0.004120172,0.002060086,0,0.053733906,0.063862661,0,0.000343348,0.000686695,0.000515021,0.006008584,0.013562232,0.008755365,0.01167382
cicero.epistulae_ad_familiares.part.1.ad_lentulum.txt,7370,206,35.76213592,0.776699029,5.884146341,0.001492537,0.000135685,0.000542741,0.097421981,0.003934871,0.039348711,0,0.009769335,0.007191316,0.000678426,0.004748982,0.000678426,0,0.066350068,0.068928087,0,0.002306649,0.000407056,0.000135685,0.004748982,0.009090909,0.007055631,0.015332429
cicero.epistulae_ad_familiares.part.10.ad_plancum_et_ceteros.txt,10351,451,22.94900222,0.5654102,6.196560197,0.001062699,9.66E-05,0.000483045,0.098734422,0.002705053,0.030818278,0.000676263,0.007825331,0.004733842,0.001835571,0.004637233,0.00096609,0.000289827,0.057289151,0.062216211,0.000193218,0.000772872,0.000386436,9.66E-05,0.004540624,0.013138827,0.007632113,0.012269346
cicero.epistulae_ad_familiares.part.11.at_brutum_et_ceteros.txt,6589,348,18.93390805,0.554597701,6.443298969,0.001821217,0.000151768,0.000151768,0.087266657,0.005463652,0.032478373,0.000455304,0.010016694,0.005463652,0.003642434,0.002580058,0.002731826,0.000151768,0.073911064,0.063742601,0.000455304,0.000455304,0.000910609,0.000455304,0.004249507,0.012596752,0.008650782,0.013355593
cicero.epistulae_ad_familiares.part.12.ad_cassium_et_ceteros.txt,8101,406,19.94827586,0.514778325,6.78369906,0.001481299,0.000123442,0.000123442,0.099000123,0.00320948,0.034563634,0.001234416,0.007529935,0.004197013,0.002221948,0.003332922,0.001481299,0.000370325,0.061597334,0.062955191,0.000246883,0.001110974,0.000864091,0.000370325,0.003826688,0.01036909,0.006789285,0.014812986
cicero.epistulae_ad_familiares.part.13.ad_memmium_et_ceteros.txt,11220,441,25.44217687,0.562358277,6.540415704,0.000891266,8.91E-05,0.000713012,0.101515152,0.004278075,0.05258467,0.000178253,0.005882353,0.003208556,8.91E-05,0.006684492,0.001158645,0,0.078609626,0.066131907,0,0.000891266,0.001426025,8.91E-05,0.00516934,0.012299465,0.01372549,0.019875223
cicero.epistulae_ad_familiares.part.14.ad_terentiam_uxorem.txt,2469,162,15.24074074,0.425925926,5.659793814,0.001215067,0,0.000405022,0.106520859,0.004455245,0.030376671,0,0.006480356,0.004455245,0.004860267,0.002835156,0.003240178,0.000810045,0.088294856,0.047792629,0,0,0,0.000405022,0.002430134,0.023491292,0.012150668,0.017415958
cicero.epistulae_ad_familiares.part.15.ad_senatum_et_ceteros.txt,7134,241,29.60165975,0.634854772,6.938566553,0.002102607,0.000140174,0.001541912,0.096579759,0.005466779,0.034763106,0,0.00770956,0.004205214,0.001401738,0.004065041,0.000841043,0.000140174,0.067563779,0.070647603,0,0.000841043,0.000280348,0.000140174,0.002803476,0.010933558,0.009391646,0.015138772
cicero.epistulae_ad_familiares.part.16.ad_tironem.txt,4326,304,14.22368421,0.378289474,5.433333333,0.000462321,0.000462321,0,0.101017106,0.003236246,0.028895053,0.001155802,0.00531669,0.006703652,0.002080444,0.003467406,0.001849283,0,0.089227924,0.052704577,0,0.00023116,0.001155802,0,0.002311604,0.016874711,0.008321775,0.020110957
cicero.epistulae_ad_familiares.part.2.ad_curionem_et_ceteros.txt,5548,255,21.75686275,0.560784314,5.341085271,0.001441961,0.000180245,0.000540735,0.093547224,0.003785148,0.036770007,0.00036049,0.005587599,0.005767844,0.005046864,0.005587599,0.001802451,0.000180245,0.079127614,0.06741168,0,0.001081471,0.001081471,0,0.001982696,0.012076424,0.00702956,0.015861572
cicero.epistulae_ad_familiares.part.3.ad_claudium_pulchrum.txt,6948,272,25.54411765,0.632352941,5.882716049,0.00115141,0.000575705,0.000719632,0.085780081,0.006476684,0.035693725,0.000575705,0.008491652,0.006188831,0.005613126,0.0054692,0.002158895,0,0.085060449,0.069228555,0.000143926,0.001583189,0.000575705,0.000431779,0.002158895,0.013960852,0.008347726,0.015112263
cicero.epistulae_ad_familiares.part.4.ad_sulpicium_et_ceteros.txt,6155,247,24.91902834,0.647773279,5.309904153,0.001787165,0.00016247,0.00016247,0.102193339,0.003736799,0.044679123,0,0.008285946,0.00714866,0.003736799,0.008285946,0.000974817,0,0.064825345,0.055889521,0.00016247,0.001462226,0.00016247,0.00016247,0.002924452,0.012672624,0.007311129,0.012185215
cicero.epistulae_ad_familiares.part.5.ad_metellum_et_ceteros.txt,8364,319,26.21630094,0.652037618,5.885941645,0.00203252,0,0.00071736,0.108321377,0.004304161,0.036346246,0.0005978,0.009923482,0.004901961,0.003467241,0.005738881,0.00143472,0,0.077116212,0.058943089,0,0.00155428,0.00083692,0.00011956,0.00155428,0.016738403,0.008010521,0.013988522
cicero.epistulae_ad_familiares.part.6.ad_torquatum_et_ceteros.txt,7496,320,23.425,0.628125,6.01497006,0.001467449,0,0.00120064,0.106323372,0.004669157,0.042155816,0.000400213,0.008004269,0.005736393,0.002001067,0.006270011,0.001067236,0,0.064567769,0.053495197,0,0.000667022,0.001600854,0.000133404,0.002134472,0.014407684,0.006136606,0.012540021
cicero.epistulae_ad_familiares.part.7.ad_marium_et_ceteros.txt,7375,415,17.77108434,0.510843373,5.889589905,0.002033898,0.000135593,0.000135593,0.098033898,0.004067797,0.039050847,0.000542373,0.005559322,0.005830508,0.005016949,0.004067797,0.005830508,0.00040678,0.085830508,0.052474576,0.000135593,0.001762712,0.000813559,0.00040678,0.002440678,0.015864407,0.006779661,0.013559322
cicero.epistulae_ad_familiares.part.8.caeli_epistulae_ad_ciceronem.txt,5879,304,19.33552632,0.526315789,5.734375,0.002721551,0,0.000170097,0.080625957,0.002891648,0.047627147,0.001020582,0.007144072,0.005783296,0.003231842,0.00170097,0.002551454,0,0.051709474,0.061064807,0.000170097,0.000850485,0.000850485,0.000340194,0.004932812,0.014798435,0.003401939,0.012417078
cicero.epistulae_ad_familiares.part.9.ad_varronem_et_ceteros.txt,7832,405,19.31851852,0.459259259,5.259136213,0.001787538,0.000255363,0.000510725,0.104315628,0.004724208,0.04392237,0.000893769,0.007405516,0.006511747,0.007916241,0.005234934,0.003702758,0.000383044,0.070097038,0.053115424,0.000127681,0.000766088,0.000638407,0,0.002170582,0.015960163,0.004596527,0.014811032
cicero.in_catilinam.txt,12591,523,24.04780115,0.533460803,7.261538462,0.000635374,7.94E-05,0.002859185,0.093638313,0.002938607,0.045349853,0.000714796,0.010007148,0.005241839,0.007624494,0.00349456,0.003097451,0.000714796,0.041299341,0.058613295,0,0.001111905,0.000158844,7.94E-05,0.005956636,0.011039631,0.007227385,0.009610039
cicero.in_l_pisonem.txt,10951,484,22.56818182,0.475206612,6.303482587,0.001369738,0,0.001826317,0.081453749,0.004565793,0.039813716,0.000365263,0.005570268,0.005113688,0.011962378,0.005205004,0.004291845,0.00155237,0.047758196,0.050771619,9.13E-05,0.00109579,0.000730527,0.000182632,0.004657109,0.008766323,0.008401059,0.009405534
cicero.in_vatinium.txt,4488,144,31.10416667,0.548611111,6.381818182,0.001559715,0,0.000891266,0.070855615,0.006907308,0.038101604,0.000222816,0.010249554,0.006238859,0.018048128,0.003565062,0.001114082,0,0.05258467,0.066622103,0.000222816,0.000891266,0.000445633,0.000445633,0.003342246,0.006238859,0.010472371,0.010918004
cicero.letters_to_atticus.part.1.txt,9417,534,17.62359551,0.466292135,7.225714286,0.002123819,0.000212382,0.000530955,0.0866518,0.003185728,0.044918764,0.000424764,0.008070511,0.004990974,0.002548582,0.003291919,0.001274291,0.000212382,0.064139323,0.065519805,0,0.002123819,0.000530955,0,0.003185728,0.007858129,0.004247637,0.01592864
cicero.letters_to_atticus.part.10.txt,7430,568,13.06866197,0.36443662,6.068100358,0.001480485,0.000269179,0.00013459,0.10538358,0.004979812,0.045491252,0.001884253,0.007537012,0.007940781,0.006864065,0.006594886,0.003095559,0.000807537,0.060834455,0.06204576,0.000269179,0.000672948,0.001345895,0,0.005652759,0.019246299,0.004441454,0.01076716
cicero.letters_to_atticus.part.11.txt,6940,504,13.76587302,0.505952381,6.840840841,0.002449568,0,0.000144092,0.08962536,0.001873199,0.053025937,0.000432277,0.006772334,0.006772334,0.003025937,0.005475504,0.003314121,0.000288184,0.062536023,0.069884726,0.000144092,0.001152738,0.001008646,0.000576369,0.004755043,0.016426513,0.00389049,0.016138329
cicero.letters_to_atticus.part.12.txt,8910,748,11.90909091,0.379679144,5.693181818,0.001907969,0.0003367,0,0.112008979,0.002805836,0.041077441,0.000897868,0.008866442,0.006285073,0.006397306,0.00617284,0.003703704,0.000561167,0.066105499,0.063299663,0,0.001571268,0.000561167,0,0.001571268,0.020987654,0.001571268,0.016722783
cicero.letters_to_atticus.part.13.txt,9142,853,10.71395076,0.289566237,6.039007092,0.001640779,0.000328156,0,0.106978779,0.00229709,0.047473201,0.000218771,0.00623496,0.007110042,0.008860206,0.004484795,0.00437541,0.001093853,0.063880989,0.068256399,0.000109385,0.001640779,0.000546926,0.000109385,0.004484795,0.01728287,0.00207832,0.015095165
cicero.letters_to_atticus.part.14.txt,6805,573,11.87609075,0.331588133,6.299559471,0.001028655,0.000440852,0.000293902,0.089199118,0.003232917,0.040852314,0.000146951,0.005437179,0.005584129,0.007788391,0.004555474,0.004261572,0.001763409,0.064364438,0.065099192,0.000146951,0.000440852,0.001175606,0,0.004849375,0.0095518,0.003379868,0.014107274
cicero.letters_to_atticus.part.15.txt,6570,612,10.7254902,0.302287582,6.570093458,0.002283105,0.000304414,0,0.095281583,0.00304414,0.043987823,0.000456621,0.007001522,0.005936073,0.01065449,0.002891933,0.002587519,0.001369863,0.068340944,0.069710807,0.000152207,0.000456621,0.000761035,0,0.006544901,0.01217656,0.003348554,0.016438356
cicero.letters_to_atticus.part.16.txt,6785,578,11.73702422,0.335640138,6.46835443,0.002652911,0.000147384,0.000147384,0.101694915,0.005158438,0.043625645,0.000589536,0.00486367,0.004716286,0.007074429,0.003979366,0.003095063,0.001031688,0.062490789,0.062196021,0.000147384,0.001031688,0.001621223,0,0.003831982,0.012232867,0.003831982,0.01724392
cicero.letters_to_atticus.part.2.txt,8750,594,14.71885522,0.368686869,6.033333333,0.001714286,0.000457143,0.000228571,0.086285714,0.003314286,0.045257143,0.000457143,0.005142857,0.004228571,0.007085714,0.004114286,0.003314286,0.000571429,0.0592,0.060685714,0,0.000914286,0.000685714,0.000457143,0.0064,0.0136,0.001714286,0.016685714
cicero.letters_to_atticus.part.3.txt,5363,292,18.36643836,0.517123288,6.942477876,0.002237554,0.000372926,0,0.098265896,0.002424016,0.03393623,0.000186463,0.007644975,0.006526198,0.004848033,0.004848033,0.002610479,0,0.074771583,0.061719187,0,0.000372926,0,0.000186463,0.001864628,0.01864628,0.004848033,0.018459817
cicero.letters_to_atticus.part.4.txt,7165,550,13.02545455,0.338181818,6.679012346,0.001674808,0.000139567,0,0.080949058,0.003349616,0.038939288,0.000279135,0.006140963,0.005163992,0.006001396,0.004466155,0.00209351,0.000976971,0.057362177,0.066573622,0,0.001116539,0.000558269,0,0.005024424,0.011723657,0.003907886,0.013956734
cicero.letters_to_atticus.part.5.txt,7250,564,12.84751773,0.356382979,6.526970954,0.001793103,0.000551724,0.000137931,0.08262069,0.004137931,0.037655172,0.001103448,0.004827586,0.007586207,0.004137931,0.004689655,0.000551724,0.000413793,0.059310345,0.068,0.000137931,0.000689655,0.000551724,0,0.004275862,0.012551724,0.003724138,0.015724138
cicero.letters_to_atticus.part.6.txt,6637,517,12.81818182,0.315280464,6.376237624,0.001356034,0,0,0.085430164,0.003917433,0.041283713,0.000753352,0.005725478,0.004068103,0.00934157,0.003766762,0.002109387,0.000301341,0.059665512,0.06554166,0,0.001205364,0.000301341,0,0.003766762,0.010094922,0.003917433,0.01235498
cicero.letters_to_atticus.part.7.txt,9139,677,13.4859675,0.350073855,6.750809061,0.001641317,0.000218842,0,0.094102199,0.003939162,0.047160521,0.000875369,0.007440639,0.007112376,0.008972535,0.006237006,0.002626108,0.00098479,0.051537367,0.068169384,0,0.000765948,0.00098479,0.000328263,0.003501477,0.013787066,0.004814531,0.013349382
cicero.letters_to_atticus.part.8.txt,7819,464,16.83836207,0.476293103,6.972136223,0.001918404,0.000383681,0.000127894,0.089397621,0.005755212,0.04629748,0.000639468,0.009336232,0.006522573,0.006522573,0.00498785,0.001662617,0.000383681,0.060749456,0.063307328,0.000127894,0.000895255,0.001534723,0.000255787,0.003453127,0.013045146,0.003836808,0.014068295
cicero.letters_to_atticus.part.9.txt,9263,642,14.42523364,0.372274143,6.603174603,0.001727302,0,0,0.09349023,0.003130735,0.051819065,0.000539782,0.004858037,0.00658534,0.007448991,0.004965994,0.001943215,0.000539782,0.057432797,0.055813451,0,0.001619346,0.001295477,0,0.004534168,0.011551333,0.003994386,0.015005938
cicero.letters_to_brutus.txt,9560,486,19.64197531,0.524691358,7.940860215,0.002301255,0.000104603,0.000523013,0.099058577,0.00334728,0.038493724,0.000941423,0.009623431,0.006276151,0.000209205,0.004811715,0.001569038,0,0.05083682,0.064330544,0,0.001150628,0.000941423,0.000313808,0.003974895,0.013598326,0.005125523,0.011820084
cicero.letters_to_quintus.txt,18513,960,19.27708333,0.461458333,7.303724928,0.001458435,0.000108032,5.40E-05,0.092529574,0.004213256,0.042078539,0.000594177,0.007994382,0.005779722,0.003835143,0.005023497,0.002322692,0.000324097,0.059147626,0.064927348,5.40E-05,0.001512451,0.000378113,0.000162048,0.005455626,0.009776914,0.005995787,0.014098201
cicero.lucullus.txt,18034,777,23.15315315,0.58043758,7.473333333,0.003604303,5.55E-05,0.000499057,0.111067983,0.004824221,0.055949872,0.000499057,0.00815127,0.008483975,0.009038483,0.006875901,0.003604303,0.000110902,0.025950981,0.049240324,0.000166352,0.002328934,0.000554508,5.55E-05,0.006432295,0.013640901,0.003049795,0.014528114
cicero.orator.txt,18635,731,25.38166895,0.614227086,6.172823219,0.005580896,5.37E-05,0.000912262,0.132116984,0.00413201,0.043627583,0.0004293,0.015830427,0.007459082,0.004507647,0.006493158,0.000858599,0.000268312,0.013683928,0.059887309,0,0.004239335,0.000590287,0,0.003219748,0.011269117,0.004024685,0.015454789
cicero.paradoxa_stoicorum_ad_m_brutum.txt,4679,240,19.47083333,0.4,5.00990099,0.00235093,0.000213721,0.001496046,0.103013464,0.00235093,0.038042317,0.000641163,0.012609532,0.006411626,0.022226972,0.005343022,0.004701859,0.000213721,0.027997435,0.045736268,0,0.000641163,0.000213721,0,0.005770464,0.015387903,0.00491558,0.009831161
cicero.philippicae.part.1.txt,3728,215,17.24186047,0.511627907,6.290123457,0.001609442,0.000536481,0,0.081276824,0.002414163,0.048551502,0.00026824,0.00777897,0.006706009,0.017435622,0.005633047,0.004291845,0.000536481,0.030579399,0.060354077,0.00026824,0.002682403,0.00026824,0.00026824,0.004291845,0.009388412,0.005901288,0.013948498
cicero.philippicae.part.10.txt,2747,136,20.13970588,0.588235294,6.168,0.0010921,0.000364033,0.001456134,0.089552239,0.004004368,0.045140153,0,0.013833273,0.007644703,0.011649072,0.006188569,0.001820167,0.000364033,0.019657809,0.056425191,0,0.0010921,0.000364033,0.000364033,0.005460502,0.009464871,0.009100837,0.009100837
cicero.philippicae.part.11.txt,4135,234,17.61111111,0.47008547,5.932515337,0.002660218,0,0.002176542,0.092623942,0.004836759,0.042321644,0.000241838,0.013301088,0.006287787,0.01426844,0.003385732,0.001451028,0.000483676,0.020314389,0.056831923,0.000241838,0,0.000241838,0,0.006771463,0.012333736,0.010399033,0.009189843
cicero.philippicae.part.12.txt,3156,205,15.34634146,0.312195122,6.448275862,0.001901141,0.000316857,0.001267427,0.090304183,0.005386565,0.039923954,0.000316857,0.011089987,0.007287706,0.025348542,0.002851711,0.00095057,0,0.03643853,0.055449937,0,0,0,0,0.005069708,0.014575412,0.008238276,0.010773131
cicero.philippicae.part.13.txt,5258,338,15.47928994,0.405325444,6.010752688,0.002282237,0,0.000760746,0.094712819,0.003423355,0.043933054,0.000570559,0.007036896,0.007036896,0.016546215,0.006276151,0.001331305,0.001711677,0.02681628,0.045834918,0,0.000760746,0.000760746,0,0.005515405,0.015405097,0.010840624,0.007607455
cicero.philippicae.part.14.txt,3388,149,22.69798658,0.516778523,7.040650407,0.001770956,0.000295159,0.001475797,0.084415584,0.004427391,0.046635183,0.000295159,0.00974026,0.007378985,0.00974026,0.006493506,0.002066116,0.000590319,0.020365998,0.056080283,0,0.000885478,0,0.000295159,0.003541913,0.008854782,0.011806375,0.00974026
cicero.philippicae.part.2.txt,11426,761,14.95532194,0.395532194,5.961722488,0.002187992,0,0.000350079,0.078067565,0.004375985,0.041571854,0.000700158,0.006126378,0.006126378,0.019691931,0.004463504,0.004025906,0.001400315,0.04831087,0.058200595,0.000350079,0.000875197,0.000262559,0,0.005338701,0.010064765,0.007264134,0.010414843
cicero.philippicae.part.3.txt,3776,206,18.27669903,0.388349515,6.51754386,0.001324153,0,0.001059322,0.099576271,0.004237288,0.043167373,0.000264831,0.010858051,0.005561441,0.015360169,0.003972458,0,0.001324153,0.019862288,0.050317797,0,0.001588983,0.000529661,0,0.005561441,0.007944915,0.009269068,0.008209746
cicero.philippicae.part.4.txt,1363,74,18.40540541,0.554054054,6,0.001467351,0,0.001467351,0.096111519,0.001467351,0.041819516,0.000733676,0.009537784,0.002201027,0.013939839,0.004402054,0.000733676,0.000733676,0.027879677,0.04108584,0.000733676,0,0,0,0.005869406,0.011005136,0.013206163,0.01027146
cicero.philippicae.part.5.txt,5120,277,18.45848375,0.465703971,5.887096774,0.0015625,0,0.001171875,0.084765625,0.003515625,0.04609375,0.000585938,0.013671875,0.006445313,0.016210938,0.004101563,0.00078125,0.000585938,0.014453125,0.05234375,0.000195313,0.000976563,0,0,0.005664063,0.009960938,0.00703125,0.009375
cicero.philippicae.part.6.txt,1782,123,14.4796748,0.406504065,5.056338028,0.001683502,0,0.000561167,0.07687991,0.003367003,0.041526375,0.000561167,0.011784512,0.00617284,0.022446689,0.001683502,0.003367003,0.001683502,0.026936027,0.05667789,0,0.000561167,0,0,0.004489338,0.010662177,0.006734007,0.013468013
cicero.philippicae.part.7.txt,2220,134,16.47014925,0.380597015,6.17721519,0.002252252,0,0.000900901,0.08018018,0.004954955,0.045495495,0.00045045,0.010810811,0.007207207,0.023423423,0.003153153,0.00045045,0,0.023423423,0.045945946,0.000900901,0.00045045,0.00045045,0,0.002702703,0.010810811,0.007207207,0.01036036
cicero.philippicae.part.8.txt,3004,207,14.4589372,0.367149758,5.22,0.001997337,0.000332889,0.000665779,0.085219707,0.005992011,0.041278296,0.000332889,0.007656458,0.007656458,0.01930759,0.001997337,0.000332889,0.000332889,0.035286285,0.050599201,0,0.001997337,0.000665779,0,0.007656458,0.010319574,0.003328895,0.010652463
cicero.philippicae.part.9.txt,1647,65,25.27692308,0.753846154,6.75,0.001821494,0,0.001214329,0.091074681,0.006071645,0.047358834,0,0.015786278,0,0.002428658,0.007285974,0.000607165,0,0.016393443,0.055251973,0,0.001214329,0.001821494,0.000607165,0.006071645,0.012143291,0.004857316,0.012143291
cicero.post_reditum_in_senatu.txt,4342,132,32.86363636,0.613636364,6.903614458,0.002533395,0,0.000921234,0.089129433,0.006909258,0.026946108,0.000460617,0.008521419,0.010824505,0.00829111,0.005297098,0.000921234,0,0.044449562,0.05642561,0,0.000690926,0,0.000230309,0.004375864,0.009672962,0.009212345,0.009442653
cicero.pro_a_caecina.txt,10399,454,22.86784141,0.535242291,6.287469287,0.002115588,0.000192326,0.000480815,0.097220887,0.005481296,0.054139821,0.000192326,0.006346764,0.007308395,0.013270507,0.005192807,0.003173382,9.62E-05,0.029618233,0.062409847,0,0.000480815,0.000865468,0,0.005577459,0.020098086,0.002692567,0.009904799
cicero.pro_a_cluentio.txt,20820,968,21.46280992,0.501033058,7.25390625,0.002449568,0.000192123,0.001152738,0.080259366,0.004322767,0.060230548,0.000336215,0.008021134,0.006820365,0.009606148,0.006436119,0.001440922,0.000240154,0.021229587,0.063880884,0,0.002017291,0.000384246,9.61E-05,0.007300672,0.00907781,0.006243996,0.010999039
cicero.pro_archia.txt,3121,116,26.87931034,0.637931034,8.087719298,0.002883691,0,0.003844921,0.106696572,0.006728613,0.052867671,0,0.010573534,0.006408202,0.008651073,0.006408202,0.00032041,0.00032041,0.030118552,0.065363665,0,0.003524511,0,0,0.006408202,0.010893944,0.010253124,0.006087792
cicero.pro_balbo.txt,6789,253,26.81818182,0.565217391,6.476190476,0.001472971,0,0.002062159,0.094564737,0.004418913,0.044778318,0,0.008395935,0.005155398,0.011783768,0.005744587,0.001325674,0.000883783,0.01929592,0.060980999,0.000147297,0.002062159,0.00103108,0.000441891,0.004860804,0.015024304,0.0101635,0.010752688
cicero.pro_c_rabirio_perduellionis_reo.txt,3548,136,26.08088235,0.522058824,6.65,0.000845547,0,0.001409245,0.091319053,0.003664036,0.039740699,0,0.009301015,0.004227734,0.013528749,0.003945885,0.003382187,0,0.031848929,0.065107103,0,0.000281849,0.001409245,0,0.002818489,0.011837655,0.007609921,0.005636979
cicero.pro_c_rabirio_postumo.txt,4077,230,17.70434783,0.434782609,5.904761905,0.00147167,0,0.000981114,0.100318862,0.002943341,0.057640422,0.000490557,0.008094187,0.005886681,0.01226392,0.005396125,0.002207506,0.000490557,0.02894285,0.050527349,0,0.000735835,0.000245278,0.000245278,0.00613196,0.015943095,0.005641403,0.011282806
cicero.pro_fonteio.txt,4544,183,24.79781421,0.530054645,6.769662921,0.001540493,0,0.00022007,0.092649648,0.003521127,0.042473592,0.00022007,0.012984155,0.007702465,0.013644366,0.005501761,0.003741197,0.00022007,0.018265845,0.064040493,0,0.000440141,0.000660211,0,0.003741197,0.009463028,0.01034331,0.009683099
cicero.pro_l_flacco.txt,10909,652,16.72546012,0.40797546,5.900990099,0.001925016,9.17E-05,0.001191677,0.082317353,0.004675039,0.042350353,9.17E-05,0.008983408,0.004950041,0.016225135,0.005316711,0.004858374,0.000825007,0.02997525,0.059125493,0.000183335,0.000825007,0.000275002,0,0.006875057,0.011733431,0.008891741,0.007883399
cicero.pro_ligario.txt,3295,189,17.38624339,0.476190476,5.984126984,0.005462822,0.00030349,0.00030349,0.085887709,0.006373293,0.049165402,0.00030349,0.004855842,0.008801214,0.014871017,0.006069803,0.003034901,0.00030349,0.048558422,0.06585736,0,0.002124431,0.00091047,0,0.005462822,0.013960546,0.006676783,0.012139605
cicero.pro_m_caelio.txt,8508,407,20.83538084,0.486486486,6.918300654,0.002703338,0.000117536,0.001292901,0.097790315,0.004231312,0.048542548,0.000235073,0.008462623,0.006699577,0.01187118,0.006111895,0.005876822,0.000587682,0.030324401,0.05970851,0.000117536,0.002115656,0.000470146,0,0.007169723,0.014456982,0.008227551,0.008815233
cicero.pro_marcello.txt,2770,114,24.28070175,0.561403509,6.831683168,0.002888087,0,0.001083032,0.115162455,0.006498195,0.035379061,0.000361011,0.010469314,0.006137184,0.00433213,0.006137184,0.003249097,0,0.03032491,0.046931408,0,0.002888087,0.001083032,0,0.002527076,0.008303249,0.005415162,0.011191336
cicero.pro_milone.txt,10549,479,21.94363257,0.482254697,6.326315789,0.000853161,9.48E-05,0.000568774,0.088065219,0.004265807,0.052232439,0.000473979,0.010048346,0.004929377,0.014408949,0.006920087,0.00066357,0.00066357,0.030050242,0.057161816,9.48E-05,0.000473979,0.000758366,0,0.007488862,0.015546497,0.00928998,0.010806712
cicero.pro_murena.txt,10572,497,21.24346076,0.450704225,6.897660819,0.001513432,0.000189179,0.001324253,0.093454408,0.002743095,0.041713961,0.000378358,0.012580401,0.006810443,0.008607643,0.006242906,0.003972758,0,0.033390087,0.059118426,0,0.000756716,0.000189179,0,0.003405221,0.012202043,0.009364359,0.009931896
cicero.pro_plancio.txt,11628,505,22.94059406,0.554455446,6.370143149,0.002235982,8.60E-05,0.001031992,0.096577227,0.003525972,0.04876161,8.60E-05,0.008513932,0.007309942,0.011179911,0.004815961,0.002579979,0.000773994,0.051341589,0.055555556,0,0.000945992,0.000945992,0.000171999,0.003869969,0.013329893,0.007653939,0.01006192
cicero.pro_publio_quinctio.txt,8656,459,18.83660131,0.440087146,6.061919505,0.001155268,0.00034658,0.000808688,0.075207948,0.005198706,0.047712569,0.000808688,0.006238447,0.006353974,0.014671904,0.006353974,0.004852126,0.000462107,0.032347505,0.058341035,0,0.000231054,0.000577634,0.000231054,0.006816081,0.014325323,0.004274492,0.012707948
cicero.pro_q_roscio_comoedo.txt,4770,391,12.17647059,0.271099744,5.822485207,0.001677149,0.000209644,0,0.079035639,0.002515723,0.045073375,0,0.003144654,0.003563941,0.032494759,0.002725367,0.000628931,0.000209644,0.033333333,0.0639413,0,0.000209644,0.000419287,0.000419287,0.008385744,0.014465409,0.00754717,0.006918239
cicero.pro_rege_deiotaro.txt,3911,193,20.22797927,0.487046632,7.092198582,0.000255689,0.000255689,0.001022756,0.088212733,0.005880849,0.046024035,0.000511378,0.005113782,0.005369471,0.011506009,0.004602403,0.002556891,0.000511378,0.04167732,0.069036052,0.000255689,0.000767067,0.000511378,0.000255689,0.00843774,0.007414983,0.008182051,0.008182051
cicero.pro_s_roscio.txt,13278,657,20.16590563,0.506849315,7.256029685,0.002485314,7.53E-05,0.001430938,0.088266305,0.003765627,0.058517849,0.000753125,0.005045941,0.005799066,0.014083446,0.006326254,0.004518753,0.000451875,0.026660642,0.060174725,0,0.000225938,0.00030125,0.000225938,0.005648441,0.014535322,0.006928754,0.013706884
cicero.pro_scauro.txt,2980,168,17.69047619,0.458333333,6.151785714,0.002348993,0.00033557,0.001342282,0.102013423,0.004026846,0.045637584,0.00033557,0.009395973,0.005369128,0.01442953,0.010738255,0.004697987,0,0.037583893,0.054362416,0,0.002348993,0,0,0.009395973,0.012416107,0.008724832,0.008053691
cicero.pro_sestio.txt,16850,603,27.90049751,0.502487562,6.759226714,0.002848665,5.93E-05,0.000830861,0.089436202,0.003916914,0.044094955,0.000296736,0.009673591,0.006468843,0.010563798,0.005756677,0.000830861,0.00041543,0.028605341,0.06,5.93E-05,0.000890208,0.000356083,5.93E-05,0.007833828,0.008664688,0.008545994,0.009851632
cicero.pro_sulla.txt,9322,402,23.15422886,0.482587065,6.167164179,0.001823643,0.000107273,0.001823643,0.087642137,0.00514911,0.050847458,0.000107273,0.008474576,0.006650933,0.011156404,0.004612744,0.002252735,0.000750912,0.046771079,0.063827505,0,0.000750912,0.000429092,0,0.008045484,0.013516413,0.007509118,0.010083673
cicero.pro_tullio.txt,3448,185,18.61621622,0.432432432,6.158333333,0.001160093,0,0.00087007,0.091647332,0.004350348,0.059164733,0.000580046,0.004060325,0.004640371,0.013921114,0.008410673,0.004060325,0,0.025232019,0.060324826,0,0,0.000290023,0,0.006090487,0.01537123,0.002900232,0.017981439
cicero.timaeus.txt,4225,149,28.32885906,0.711409396,5.173076923,0.003313609,0,0.003076923,0.134911243,0.004733728,0.053017751,0,0.006390533,0.011360947,0.000473373,0.006153846,0.000236686,0,0.019408284,0.060118343,0,0.001656805,0.000236686,0,0.011597633,0.006390533,0.002840237,0.012307692
cicero.topica.txt,6922,327,21.12538226,0.614678899,5.815028902,0.008812482,0,0.000144467,0.102860445,0.00563421,0.053452759,0.000577868,0.015313493,0.006645478,0.001155735,0.003611673,0.000144467,0,0.010401618,0.074689396,0.000144467,0.003467206,0,0,0.002022537,0.01170182,0.000722335,0.015602427
cicero.tusculanae_disputationes.part.1.txt,12720,654,19.38379205,0.487767584,5.235067437,0.003301887,0.000235849,0.000786164,0.107625786,0.003930818,0.048034591,0.000314465,0.006839623,0.006918239,0.013286164,0.006525157,0.00322327,0.000550314,0.022169811,0.05754717,0,0.002830189,0.000628931,0.000235849,0.005896226,0.013207547,0.001808176,0.012814465
cicero.tusculanae_disputationes.part.2.txt,6965,383,18.12532637,0.420365535,5.394636015,0.00201005,0,0.000430725,0.097631012,0.003589375,0.04379038,0.00086145,0.011486001,0.008183776,0.011629576,0.006317301,0.0011486,0.001866475,0.025269203,0.049246231,0.000143575,0.002727925,0.00028715,0,0.005743001,0.013352477,0.0022972,0.013208902
cicero.tusculanae_disputationes.part.3.txt,8890,447,19.82774049,0.545861298,5.320707071,0.004049494,0.000224972,0.000674916,0.103487064,0.00416198,0.049268841,0.000224972,0.011473566,0.007986502,0.01023622,0.005624297,0.001687289,0.001349831,0.021259843,0.05264342,0,0.002137233,0.000112486,0,0.0071991,0.011473566,0.001574803,0.014510686
cicero.tusculanae_disputationes.part.4.txt,8400,391,21.41943734,0.552429668,5.278873239,0.007142857,0,0.000714286,0.11297619,0.002738095,0.044047619,0.000952381,0.012261905,0.005119048,0.010238095,0.007261905,0.002380952,0.000119048,0.014285714,0.057738095,0.000238095,0.003690476,0.000357143,0,0.005833333,0.009642857,0.001190476,0.014404762
cicero.tusculanae_disputationes.part.5.txt,11002,536,20.44589552,0.514925373,5.234135667,0.004362843,0.000181785,0.001636066,0.10807126,0.005180876,0.047809489,0.000272678,0.010998,0.005908017,0.013179422,0.00636248,0.002181422,0.000454463,0.02126886,0.054717324,9.09E-05,0.002908562,0.000636248,0,0.009452827,0.012452281,0.003635703,0.011816033
cicero_pseudo.in_sallustium.txt,1862,95,19.57894737,0.526315789,6.486842105,0.002685285,0,0,0.095596133,0,0.0349087,0,0.005370569,0.00698174,0.011278195,0.003759398,0.001611171,0,0.055853921,0.040816327,0,0.000537057,0.000537057,0,0.003759398,0.016111708,0.003759398,0.012352309
columella.de_re_rustica.part.1.txt,8003,299,26.76254181,0.638795987,5.92476489,0.002873922,0.000124953,0.000249906,0.130076221,0.003998501,0.027114832,0.000874672,0.012245408,0.007622142,0.000999625,0.003998501,0.001124578,0,0.007747095,0.049231538,0.000249906,0.001374485,0.000124953,0,0.003498688,0.010121205,0.00674747,0.011370736
columella.de_re_rustica.part.2.txt,10306,444,23.19594595,0.533783784,5.663888889,0.003202018,0.000679216,0.000194062,0.13040947,0.005336697,0.024354745,0.001358432,0.010770425,0.005239666,9.70E-05,0.001261401,0.000582185,0,0.004269358,0.043663885,0.000776247,0.001649525,0.000388123,0.000194062,0.001067339,0.014457598,0.004463419,0.009994178
columella.de_re_rustica.part.3.txt,10144,401,25.28927681,0.593516209,5.46969697,0.001774448,0.000394322,0.001577287,0.124507098,0.004238959,0.02898265,0.000690063,0.00887224,0.005224763,0.001577287,0.002957413,0.000591483,0,0.006407729,0.048994479,0.000295741,0.00226735,0.000591483,9.86E-05,0.000887224,0.012815457,0.007689274,0.011632492
columella.de_re_rustica.part.4.txt,9149,434,21.07834101,0.529953917,5.360606061,0.00207673,0.000874413,0.000655809,0.121980544,0.003934856,0.024592852,0.001967428,0.021641709,0.006667395,0.000546508,0.002841841,0.000437206,0,0.005465078,0.052901956,0.000983714,0.001967428,0.000765111,0.000109302,0.002623238,0.014427806,0.003825555,0.012351077
columella.de_re_rustica.part.5.txt,9202,514,17.89494163,0.420233463,5.097972973,0.002499457,0.001521408,0.000652032,0.107041947,0.002716801,0.027494023,0.000652032,0.009454466,0.00858509,0,0.002934145,0.000108672,0,0.00641165,0.056835471,0.000434688,0.00108672,0.000434688,0,0.003586177,0.012388611,0.002499457,0.010867203
columella.de_re_rustica.part.6.txt,9363,495,18.91515152,0.412121212,5.122047244,0.003310905,0.000213607,0.000427213,0.132115775,0.005233365,0.02499199,0.000854427,0.012602798,0.008651073,0,0.002670084,0.000213607,0.000213607,0.002563281,0.048915946,0.00032041,0.002242871,0.00064082,0,0.001388444,0.015272883,0.004592545,0.009719107
columella.de_re_rustica.part.7.txt,7302,365,20,0.463013699,4.916666667,0.002328129,0.000273898,0.001780334,0.138729115,0.005204054,0.023144344,0.00219118,0.015475212,0.006573541,0.000821693,0.001506437,0.000273898,0.000410846,0.001643385,0.043960559,0.000821693,0.001917283,0.000410846,0.000136949,0.000958641,0.014242673,0.007258285,0.010955902
columella.de_re_rustica.part.8.txt,8541,437,19.54462243,0.576659039,4.910144928,0.003980799,0.000234165,0.000702494,0.127736799,0.004214963,0.029855989,0.002224564,0.014049877,0.009483667,0.000117082,0.002927058,0.000585412,0,0.003863716,0.048823323,0.000234165,0.000819576,0.000468329,0,0.002224564,0.010186161,0.007142021,0.011474066
columella.de_re_rustica.part.9.txt,6967,317,21.97791798,0.561514196,4.916666667,0.003444811,0.000143534,0.000574135,0.124300273,0.005167217,0.026840821,0.001722406,0.011769772,0.008181427,0,0.002296541,0.001435338,0.000143534,0.004736615,0.04794029,0.000143534,0.001578872,0.000574135,0,0.00301421,0.013635711,0.00416248,0.011626238
curtius_rufus.historiae_alexandri_magni.txt,74943,4145,17.9119421,0.465862485,4.788990826,0.003696142,0.000173465,0.000133435,0.081235072,0.00249523,0.026473453,0.000880669,0.005417451,0.00599122,0.002375138,0.007112072,0.000333587,5.34E-05,0.015505117,0.056989979,0.000106748,0.001014104,0.0003069,8.01E-05,0.007539063,0.005057177,0.002215017,0.007752559
florus.epitome_bellorum_omnium_annorum.txt,26484,1465,17.98020478,0.296245734,5.661710037,0.001887932,0,0.002869657,0.094094548,0.003738106,0.023334844,0.001170518,0.003473795,0.003700347,0.002605347,0.008608971,0.000113276,0.000339828,0.007174143,0.064529527,7.55E-05,0.002038967,0.000226552,3.78E-05,0.006079142,0.005210693,0.003662589,0.009024317
gellius.attic_nights.part.1.txt,9802,370,26.47297297,0.537837838,6.357366771,0.00438686,0.00010202,0.0035707,0.110283616,0.00285656,0.043154458,0.00061212,0.01234442,0.00428484,0.00224444,0.005101,0.00224444,0,0.01050806,0.062640277,0.00020404,0.00173434,0.00030606,0,0.0035707,0.00632524,0.00499898,0.00632524
gellius.attic_nights.part.10.txt,7099,311,22.82636656,0.501607717,5.637931034,0.003944217,0,0.003380758,0.096210734,0.003099028,0.040428229,0.00028173,0.005071137,0.004789407,0.002817298,0.003380758,0.002958163,0.00056346,0.009860544,0.063952669,0,0.003803353,0.000140865,0,0.002958163,0.007324975,0.004930272,0.004789407
gellius.attic_nights.part.11.txt,4556,181,25.17127072,0.624309392,6.197674419,0.004389816,0,0.003072871,0.116330114,0.004389816,0.042581212,0.000658472,0.008999122,0.006365233,0.001097454,0.004609306,0.002414399,0,0.018876207,0.062993854,0.000219491,0.001975417,0.001536435,0,0.00570676,0.009877085,0.003731343,0.007023705
gellius.attic_nights.part.12.txt,5402,196,27.54591837,0.62755102,5.685,0.003332099,0,0.003146983,0.118659756,0.002406516,0.04165124,0.00055535,0.018141429,0.004072566,0.003517216,0.006479082,0.003332099,0,0.016290263,0.076638282,0.000370233,0.005183265,0.000370233,0,0.005553499,0.007034432,0.002961866,0.007034432
gellius.attic_nights.part.13.txt,8888,373,23.80160858,0.54691689,5.920265781,0.004387939,0,0.00450045,0.10519802,0.004050405,0.04410441,0.000112511,0.010576058,0.007313231,0.002475248,0.003037804,0.00180018,0.000112511,0.01440144,0.066719172,0.000112511,0.003825383,0.000562556,0,0.003375338,0.005625563,0.002925293,0.006975698
gellius.attic_nights.part.14.txt,4807,129,37.24031008,0.674418605,6.111111111,0.005824839,0.00020803,0.004784689,0.131058872,0.003120449,0.04743083,0.00041606,0.014978157,0.009153318,0.003328479,0.004576659,0.005616809,0.00020803,0.009777408,0.069273975,0.00041606,0.005408779,0.00020803,0,0.002912419,0.011025588,0.002912419,0.008737258
gellius.attic_nights.part.15.txt,5597,232,24.12068966,0.547413793,6.231638418,0.00250134,0,0.001429337,0.093442916,0.005538681,0.043594783,0,0.009290691,0.006432017,0.000536001,0.001965339,0.003037341,0,0.016437377,0.07253886,0.000178667,0.003216009,0.000178667,0,0.00500268,0.00625335,0.006074683,0.00750402
gellius.attic_nights.part.16.txt,5289,207,25.52657005,0.54589372,5.868020305,0.004348648,0,0.00226886,0.113064852,0.002647003,0.046133485,0.000378143,0.008130081,0.00340329,0.001701645,0.003781433,0.003025147,0,0.011911514,0.068254869,0.000567215,0.004915863,0.000378143,0,0.005104935,0.008130081,0.002647003,0.006617508
gellius.attic_nights.part.17.txt,7845,300,26.13,0.533333333,5.606177606,0.002421925,0,0.003441683,0.103250478,0.003441683,0.044614404,0.000382409,0.009560229,0.005353728,0.001784576,0.00484385,0.003696622,0,0.010197578,0.067813894,0.00012747,0.003059273,0.001657106,0,0.00446144,0.005098789,0.003951562,0.006628426
gellius.attic_nights.part.18.txt,4544,175,25.93142857,0.582857143,6.3375,0.003741197,0,0.003080986,0.109815141,0.00506162,0.042473592,0,0.011443662,0.00528169,0.003301056,0.004841549,0.004621479,0,0.018265845,0.0625,0,0.003301056,0,0,0.005721831,0.007042254,0.00506162,0.005721831
gellius.attic_nights.part.19.txt,4884,186,26.25806452,0.494623656,6.588235294,0.003071253,0,0.004709255,0.114250614,0.003890254,0.041154791,0.000819001,0.007985258,0.003685504,0.004095004,0.002047502,0.003071253,0.000614251,0.018018018,0.054668305,0.00020475,0.003890254,0.001023751,0,0.003276003,0.004504505,0.004914005,0.005937756
gellius.attic_nights.part.2.txt,9387,402,23.33084577,0.547263682,6.182662539,0.007457122,0,0.003835091,0.106104187,0.002343667,0.038670502,0.000639182,0.008735485,0.004900394,0.002024076,0.002769788,0.002450197,0,0.011292213,0.064237776,0,0.004580803,0.000745712,0,0.0035155,0.004474273,0.002343667,0.006711409
gellius.attic_nights.part.20.txt,3965,188,21.09042553,0.494680851,6.347107438,0.004539723,0,0.004539723,0.099369483,0.001765448,0.039596469,0.000252207,0.014627995,0.005296343,0.005800757,0.004035309,0.005296343,0,0.027490542,0.06406053,0,0.003530895,0.00075662,0,0.002522068,0.011349306,0.003783102,0.005044136
gellius.attic_nights.part.3.txt,6018,235,25.59574468,0.540425532,5.755102041,0.005649718,0,0.003489531,0.096211366,0.0036557,0.046859422,0.000498504,0.007976072,0.005649718,0.001661682,0.003489531,0.001994018,0,0.008640744,0.071618478,0,0.001994018,0.000997009,0,0.002824859,0.006148222,0.003323363,0.004652709
gellius.attic_nights.part.4.txt,5461,247,22.09311741,0.55465587,6.234693878,0.004394799,0,0.00164805,0.098516755,0.002563633,0.045962278,0,0.008972716,0.005493499,0.0021974,0.002563633,0.0021974,0.000915583,0.009705182,0.069401209,0,0.004394799,0.000366233,0,0.002380516,0.006409083,0.002380516,0.007507782
gellius.attic_nights.part.5.txt,5684,246,23.07723577,0.504065041,5.936507937,0.003518649,0,0.002111189,0.103624208,0.002814919,0.044862773,0.000175932,0.011963406,0.004398311,0.00070373,0.003166784,0.002111189,0.000175932,0.015306122,0.06843772,0.000175932,0.004046446,0.000175932,0,0.005629838,0.005981703,0.003518649,0.004926108
gellius.attic_nights.part.6.txt,7047,283,24.87985866,0.519434629,6.094170404,0.003689513,0,0.004399035,0.102880658,0.003405705,0.045409394,0.000425713,0.009365688,0.005392366,0.003121896,0.002979991,0.002554278,0.000283809,0.014048531,0.065701717,0.000283809,0.002554278,0.001135235,0.000283809,0.005108557,0.006811409,0.001986661,0.007520931
gellius.attic_nights.part.7.txt,4206,175,24.02857143,0.485714286,6.06870229,0.003566334,0,0.0021398,0.109843081,0.004517356,0.042082739,0.001188778,0.01022349,0.005468379,0.004041845,0.005706134,0.002853067,0,0.012601046,0.066571564,0,0.003328578,0,0,0.006894912,0.007370423,0.005230623,0.007845934
gellius.attic_nights.part.8.txt,381,18,21.16666667,0.611111111,6.875,0.002624672,0,0,0.094488189,0.002624672,0.018372703,0,0.005249344,0.010498688,0,0.002624672,0.002624672,0,0.015748031,0.086614173,0,0.01312336,0,0,0.002624672,0,0.010498688,0.002624672
gellius.attic_nights.part.9.txt,4936,206,23.94174757,0.529126214,5.587912088,0.004254457,0,0.003444084,0.10595624,0.002836305,0.041734198,0.000405186,0.010534846,0.005875203,0.001215559,0.004051864,0.002836305,0,0.010332253,0.063816856,0,0.003241491,0.00060778,0,0.004659643,0.00445705,0.003849271,0.006280389
jerome.epistulae.txt,289584,12739,22.66213989,0.514404584,5.602230826,0.003608625,0.000255539,0.001115393,0.105903641,0.002020139,0.03114813,0.00087712,0.005673656,0.004596248,0.005366319,0.003971214,0.00143309,0.000303884,0.025377783,0.075156086,7.94E-05,0.001322587,0.000221007,0,0.004375242,0.008715951,0.002676253,0.010680839
livy.ab_urbe_condita.part.1.books_1-10.txt,159553,6995,22.75968549,0.424017155,5.736854571,0.003716633,8.77E-05,0.000219363,0.078795134,0.003503538,0.024518499,0.000683159,0.009915201,0.005734772,0.002851717,0.004280709,0.000332178,6.27E-06,0.014139502,0.069381334,0.000451261,0.000852381,0.000451261,0.000119083,0.008498743,0.006211102,0.001259769,0.008705571
livy.ab_urbe_condita.part.2.books_21-30.txt,153453,6035,25.34614747,0.45998343,5.692894025,0.003675392,8.47E-05,0.000162916,0.08598724,0.003688426,0.024861032,0.000742898,0.011136961,0.005219839,0.001335914,0.005376239,0.000130333,0,0.011951542,0.077795807,0.000553916,0.000938398,0.000228083,9.77E-05,0.007422468,0.005330622,0.001133898,0.008882198
livy.ab_urbe_condita.part.3.books_31-40.txt,137210,5863,23.33140031,0.447040764,5.491747446,0.003724218,5.83E-05,8.02E-05,0.080628234,0.003972014,0.028168501,0.000655929,0.010247067,0.006122003,0.002026091,0.005313024,0.000225931,0,0.01330078,0.07665622,0.000590336,0.000903724,0.000320676,0.000102033,0.007951316,0.005925224,0.001078639,0.008687413
livy.ab_urbe_condita.part.4.books_41-45.txt,56384,2543,22.08218639,0.465985057,5.369640788,0.003972758,8.87E-05,8.87E-05,0.073903944,0.003795403,0.027312713,0.00051433,0.010304342,0.0053916,0.001755817,0.00487727,7.09E-05,0,0.012698638,0.077255959,0.000354711,0.000922247,0.000124149,7.09E-05,0.008353434,0.004806328,0.000939983,0.008601731
macrobius.saturnalia.part.1.txt,26250,967,27.13650465,0.594622544,6.860178971,0.003314286,0.000228571,0.001104762,0.085142857,0.003733333,0.033180952,0.000647619,0.011961905,0.006704762,0.002095238,0.003466667,0.00072381,0,0.011580952,0.064914286,7.62E-05,0.001752381,7.62E-05,3.81E-05,0.003695238,0.004990476,0.002552381,0.010971429
macrobius.saturnalia.part.2.txt,5314,281,18.91103203,0.412811388,6.039473684,0.002822732,0.000188182,0.000752729,0.082423786,0.006398193,0.039141889,0.000564546,0.009032744,0.0052691,0.006398193,0.002446368,0.000940911,0,0.024840045,0.060782838,0,0.003010915,0,0,0.008091833,0.006774558,0.003010915,0.009220926
macrobius.saturnalia.part.3.txt,10441,452,23.0420354,0.577433628,6.465994962,0.003543722,0,9.58E-05,0.082559142,0.004309932,0.036969639,0.000478881,0.007566325,0.006033905,0.002777512,0.004214156,0.000574658,0.000287329,0.011780481,0.065223638,0.000191553,0.001149315,0.000191553,9.58E-05,0.003447946,0.00488459,0.003447946,0.010631166
macrobius.saturnalia.part.4.txt,3180,188,16.48404255,0.361702128,5.011764706,0.004402516,0,0.000628931,0.111006289,0.005345912,0.03490566,0.000943396,0.005660377,0.005031447,0.006289308,0.003459119,0.000314465,0.001572327,0.019496855,0.072955975,0.000314465,0.000943396,0.000314465,0,0.005974843,0.005345912,0.000943396,0.011320755
macrobius.saturnalia.part.5.txt,17506,790,21.82025316,0.302531646,6.906832298,0.001428082,0.000114247,0.000571233,0.069861762,0.001599452,0.022278076,0.000114247,0.005312464,0.002284931,0.002342054,0.003827259,0.000856849,0.000799726,0.006969039,0.04626985,0.000114247,0.000685479,0.00017137,0,0.00279904,0.003256027,0.00279904,0.005598081
macrobius.saturnalia.part.6.txt,7837,387,19.97157623,0.335917313,6.423076923,0.003062396,0,0.001403598,0.099272681,0.001913998,0.025902769,0.000637999,0.007145591,0.003062396,0.002424397,0.003572796,0.000893199,0.001148399,0.013397984,0.069286717,0.0002552,0.001786398,0.000765599,0,0.003189996,0.004083195,0.001786398,0.007145591
macrobius.saturnalia.part.7.txt,16532,711,23.23488045,0.58931083,6.1375,0.003568836,0.000181466,0.000604887,0.105734333,0.0048391,0.031333172,0.001149286,0.011553351,0.003447859,0.005443987,0.004657634,0.001028309,0,0.015787564,0.063271232,0,0.001330752,0.000423421,0,0.006532785,0.012460682,0.001814662,0.012279216
marcus_mincuius_felix.octavius.txt,11664,547,21.23034735,0.436928702,5.419642857,0.002057613,0.000514403,0.000685871,0.122513717,0.004029492,0.025120027,0.00265775,0.007030178,0.004029492,0.009259259,0.007458848,0.002314815,0.000171468,0.017832647,0.046210562,8.57E-05,0.000857339,8.57E-05,0,0.004801097,0.007544582,0.00154321,0.011402606
nepos.vitae.txt,28389,1415,20.06219081,0.587279152,5.5528,0.001373772,0,0.000493149,0.08119342,0.006657508,0.056395083,0.000422699,0.00609391,0.006798408,0.000211349,0.003733841,0.000176125,3.52E-05,0.014829688,0.066011483,0.000457924,0.000986298,0.000422699,0.000105675,0.01190602,0.006974532,0.003416816,0.013315016
petronius.satyricon.txt,30520,2013,15.14307004,0.277694983,4.887303852,0.002260813,9.83E-05,0.000196592,0.1008519,0.002260813,0.023951507,0.00163827,0.002621232,0.00570118,0.008256881,0.002981651,0.00078637,0.000524246,0.031290957,0.050458716,0,0.0008519,3.28E-05,0,0.004259502,0.008060288,0.004554391,0.008813893
pliny_the_elder.naturalis_historia.part.1.books_1-5.txt,56689,4523,12.53327438,0.246517798,6.652825051,0.003969024,8.82E-05,0.000582124,0.068866976,0.001058406,0.027694967,0.000158761,0.003016458,0.004410027,0,0.003157579,8.82E-05,0,0.003157579,0.085589797,3.53E-05,0.001375928,0.000176401,3.53E-05,0.002363774,0.007655806,0.002469615,0.004092505
pliny_the_elder.naturalis_historia.part.2.books_6-10.txt,59821,3308,18.0834341,0.348548972,5.408997955,0.00603467,0.000133732,0.000718811,0.076962939,0.001838819,0.02940439,0.000367764,0.004262717,0.006235269,0,0.003259725,0.000200598,1.67E-05,0.005817355,0.078617877,0.000167165,0.003176142,0.000367764,3.34E-05,0.004697347,0.004429882,0.003543906,0.00738871
pliny_the_elder.naturalis_historia.part.3.books_11-15.txt,43627,2801,15.57550875,0.332381292,5.192100539,0.008916497,0.000114608,0.001558668,0.095812226,0.002085864,0.031471337,0.000389667,0.004905219,0.005088592,2.29E-05,0.003690375,0.00013753,0,0.003850826,0.074724368,0.000252137,0.004423866,0.000618883,0,0.003025649,0.00433218,0.005088592,0.0083893
pliny_the_elder.naturalis_historia.part.4.books_16-20.txt,69464,4538,15.30718378,0.276773909,4.941721854,0.006247841,0.000273523,0.001166072,0.105320742,0.002389727,0.026027871,0.000475066,0.007154785,0.00699643,1.44E-05,0.003814926,0.000100772,1.44E-05,0.003613382,0.072627548,0.00046067,0.003584591,0.000446274,5.76E-05,0.002504895,0.008493608,0.005758378,0.008234481
pliny_the_elder.naturalis_historia.part.5.books_21-25.txt,46982,3385,13.87917282,0.246085672,4.732283465,0.00632157,8.51E-05,0.000681112,0.101357967,0.001383509,0.028691839,0.000276702,0.006960112,0.005981014,0,0.003192712,0.000170278,0,0.003980248,0.072176578,0.000191563,0.002447746,0.000361841,0,0.002660593,0.006427994,0.005299902,0.004980631
pliny_the_elder.naturalis_historia.part.6.books_26-30.txt,48119,2651,18.15126367,0.259147492,5.077380952,0.005216235,6.23E-05,0.000498763,0.09291548,0.001454727,0.024688792,0.000374073,0.005091544,0.006774871,0,0.002909454,0.000374073,0,0.004094017,0.072341487,0.000353291,0.002431472,0.000519545,0,0.003138054,0.008624452,0.003927762,0.00573578
pliny_the_elder.naturalis_historia.part.7.books_31-37.txt,68373,3975,17.19748428,0.350440252,5.198785202,0.005484621,0.00010238,0.000877539,0.092448774,0.001813581,0.031518289,0.000321764,0.005981893,0.006742428,0,0.003788045,0.000234011,2.93E-05,0.004124435,0.077252717,0.000190134,0.002603367,0.00033639,1.46E-05,0.003363901,0.004709461,0.004270692,0.007590716
pliny_the_younger.letters.part.1.txt,6321,393,16.07124682,0.478371501,5.25,0.004429679,0.000316406,0,0.107103306,0.003322259,0.035595634,0.000791014,0.011074197,0.00727733,0.004113273,0.008226546,0.002056637,0.000632811,0.037019459,0.04382218,0,0.002531245,0.000632811,0,0.001898434,0.010599589,0.006802721,0.015978484
pliny_the_younger.letters.part.10.txt,9872,455,21.69010989,0.643956044,5.603773585,0.002431118,0.000202593,0.000101297,0.087418963,0.004051864,0.035858995,0.001215559,0.013776337,0.007698541,0.000202593,0.004558347,0.001620746,0,0.037277147,0.066349271,0,0.001823339,0.000202593,0.000202593,0.003646677,0.006685575,0.010230956,0.012560778
pliny_the_younger.letters.part.2.txt,6369,382,16.67277487,0.468586387,5.692622951,0.004710316,0.000157011,0,0.098916627,0.002826189,0.034699325,0.000471032,0.010048673,0.005495368,0.003768252,0.005809389,0.001727116,0,0.026848799,0.046789135,0,0.002041137,0.000314021,0.000157011,0.001884126,0.009577642,0.009577642,0.011618778
pliny_the_younger.letters.part.3.txt,6670,383,17.4151436,0.436031332,5.616071429,0.003148426,0.000149925,0.000149925,0.097301349,0.004797601,0.032983508,0.001049475,0.006896552,0.007946027,0.005097451,0.005697151,0.00089955,0,0.028785607,0.049775112,0,0.002998501,0.000749625,0,0.002998501,0.009445277,0.008395802,0.013793103
pliny_the_younger.letters.part.4.txt,6284,422,14.89099526,0.424170616,5.475409836,0.002864418,0.000159134,0.000159134,0.094366645,0.004455761,0.034054742,0.000636537,0.006524507,0.004933164,0.006047104,0.007956715,0.001750477,0.000159134,0.032622533,0.049649905,0,0.00222788,0.000477403,0.000159134,0.002864418,0.008752387,0.009548059,0.014640356
pliny_the_younger.letters.part.5.txt,6007,371,16.19137466,0.452830189,5.350649351,0.005327118,0.000166472,0,0.099217579,0.001664724,0.031130348,0.001165307,0.006159481,0.006658898,0.002497087,0.005993008,0.000998835,0.000332945,0.032129183,0.0489429,0.000332945,0.001165307,0.000499417,0,0.004161811,0.008989512,0.00882304,0.013151323
pliny_the_younger.letters.part.6.txt,6829,450,15.17111111,0.395555556,5.555555556,0.003221555,0.000146434,0.000146434,0.104261239,0.003221555,0.031629814,0.000878606,0.008053888,0.00644311,0.003807292,0.005857373,0.000585737,0.000439303,0.036169278,0.04334456,0,0.001757212,0.000292869,0.000585737,0.004100161,0.008200322,0.008932494,0.015082735
pliny_the_younger.letters.part.7.txt,6197,421,14.71971496,0.365795724,5.158139535,0.002420526,0,0.000161368,0.104728094,0.002581894,0.030498628,0.001290947,0.008713894,0.006777473,0.006131999,0.006131999,0.002097789,0.000484105,0.041148943,0.043730838,0,0.001775052,0.001290947,0,0.003550105,0.010166209,0.008875262,0.015329998
pliny_the_younger.letters.part.8.txt,6188,359,17.2367688,0.532033426,5.478417266,0.003716871,0.000646412,0.000161603,0.097608274,0.002262443,0.034583064,0.001131222,0.01147382,0.00727214,0.006302521,0.006948933,0.001292825,0.000161603,0.021493213,0.047026503,0,0.003070459,0.000323206,0,0.004040078,0.008241758,0.008888171,0.015837104
pliny_the_younger.letters.part.9.txt,6420,405,15.84691358,0.456790123,5.256603774,0.004049844,0,0,0.099221184,0.003426791,0.034890966,0.001713396,0.009968847,0.004984424,0.00529595,0.00623053,0.001557632,0,0.036604361,0.047352025,0,0.002803738,0,0.00046729,0.003426791,0.009813084,0.011370717,0.013395639
q_cicero.on_running_for_consul.txt,4360,165,26.4,0.696969697,7.24,0.002522936,0,0,0.091743119,0.00412844,0.051376147,0.000229358,0.019724771,0.003669725,0.00206422,0.003899083,0.000229358,0,0.039449541,0.064220183,0,0.001146789,0.000458716,0,0.006651376,0.010550459,0.002293578,0.024541284
quintilian.institutio_oratoria.part.1.txt,17139,794,21.58312343,0.526448363,5.362043796,0.0057763,0.000116693,0.000641811,0.113133788,0.004084252,0.036991656,0.000641811,0.015870237,0.007876772,0.006009686,0.004901103,0.000466772,0.000525118,0.010268977,0.061030399,0.000175039,0.00560126,0.000233386,5.83E-05,0.003325748,0.01038567,0.004142599,0.015811891
quintilian.institutio_oratoria.part.10.txt,12077,588,20.53911565,0.573129252,5.374015748,0.004305705,0.000165604,0.001490436,0.115922829,0.002980873,0.037923325,0.001076426,0.025089012,0.004885319,0.003808893,0.005878943,0.000331208,0,0.013248323,0.054980542,0,0.004388507,0.000496812,8.28E-05,0.006210152,0.00943943,0.005216527,0.01556678
quintilian.institutio_oratoria.part.11.txt,15435,757,20.38705416,0.474240423,4.957875458,0.005960479,6.48E-05,0.001943635,0.125688371,0.003952057,0.037317784,0.000647878,0.0202138,0.006932297,0.004923874,0.00654357,0.000518303,0.000129576,0.011661808,0.057725948,6.48E-05,0.005895692,0.000518303,0.000129576,0.005895692,0.008551992,0.00356333,0.014965986
quintilian.institutio_oratoria.part.12.txt,13160,607,21.68039539,0.570016474,5.497247706,0.004179331,7.60E-05,0.001291793,0.119832827,0.003495441,0.038297872,0.000911854,0.02287234,0.005851064,0.008358663,0.007446809,0.000379939,7.60E-05,0.011322188,0.051519757,0,0.004027356,0.000455927,0.000303951,0.005319149,0.011474164,0.004711246,0.01231003
quintilian.institutio_oratoria.part.2.txt,14101,622,22.67041801,0.572347267,5.111282844,0.004609602,0.000283668,0.00070917,0.116587476,0.003049429,0.043188426,0.000780087,0.021558755,0.00581519,0.0041841,0.006808028,0.000496419,0,0.011914049,0.06290334,0.000141834,0.004964187,0.000638253,0,0.00560244,0.011063045,0.003758599,0.012055883
quintilian.institutio_oratoria.part.3.txt,14070,764,18.41492147,0.511780105,4.888372093,0.00753376,7.11E-05,0.000497512,0.114356787,0.002985075,0.042714996,0.000355366,0.015422886,0.007818053,0.007391613,0.004690832,7.11E-05,0,0.008031272,0.066808813,7.11E-05,0.005046198,0.000426439,0,0.002771855,0.00909737,0.002914001,0.013930348
quintilian.institutio_oratoria.part.4.txt,12021,533,22.55159475,0.594746717,5.123134328,0.003077947,0.000249563,0.000582314,0.108060893,0.004325763,0.037517677,0.000665502,0.020963314,0.006322269,0.004492139,0.005739955,0.000582314,0.000249563,0.012311788,0.064137759,0.000415939,0.004159388,0.000166376,0,0.003993012,0.014724233,0.003161135,0.015805673
quintilian.institutio_oratoria.part.5.txt,17366,797,21.78670013,0.567126725,4.780104712,0.005355292,5.76E-05,0.000403086,0.114246228,0.003167108,0.041517909,0.000345503,0.017275135,0.005758378,0.004837038,0.005815962,0.00046067,5.76E-05,0.010537833,0.066451687,5.76E-05,0.003570195,0.000230335,0.000115168,0.004088449,0.015605206,0.004318784,0.015835541
quintilian.institutio_oratoria.part.6.txt,11962,567,21.0952381,0.571428571,5.083495146,0.004263501,8.36E-05,0.000752383,0.11034944,0.005015884,0.04355459,0.000501588,0.016636014,0.006604247,0.005433874,0.006520649,0.00041799,0.000501588,0.013710082,0.059521819,8.36E-05,0.005015884,0.000167196,0,0.003511119,0.010533356,0.005684668,0.013459288
quintilian.institutio_oratoria.part.7.txt,13038,761,17.13272011,0.446780552,4.791338583,0.004601933,7.67E-05,0.000383494,0.112977451,0.003221353,0.0411106,0.000153398,0.014112594,0.00613591,0.004985427,0.004832029,0.000153398,0,0.008820371,0.070256174,7.67E-05,0.001610676,0.000383494,7.67E-05,0.004525234,0.0137291,0.003298052,0.014112594
quintilian.institutio_oratoria.part.8.txt,13163,697,18.88378766,0.507890961,5.244821092,0.006305553,0,0.001063587,0.112664286,0.003190762,0.048241282,0.000911646,0.014434399,0.006305553,0.005317937,0.005090025,0.000759705,0.000303882,0.01018005,0.05659804,0,0.006077642,7.60E-05,7.60E-05,0.003418674,0.008812581,0.003798526,0.015194105
quintilian.institutio_oratoria.part.9.txt,19051,970,19.62989691,0.493814433,5.080272109,0.006666317,0.000104981,0.000892342,0.119626266,0.004146764,0.039735447,0.000629888,0.012230329,0.008451,0.007191224,0.004724161,0.000629888,0.000577398,0.015274789,0.051125925,5.25E-05,0.005249068,0.000209963,5.25E-05,0.00461918,0.010078211,0.003569366,0.024985565
quintilian_pseudo.major_declamations.txt,66802,4758,14.03404792,0.354140395,4.52343426,0.002619682,0.000239514,0.000104787,0.071779288,0.001990958,0.027454268,0.001601748,0.005359121,0.004460944,0.013906769,0.003562768,0.002215503,0.000973025,0.031735577,0.047528517,1.50E-05,0.000823329,0.00040418,2.99E-05,0.00462561,0.013023562,0.004655549,0.010493698
sallust.catilina.txt,10688,495,21.56767677,0.507070707,5.741935484,0.008233533,9.36E-05,0.009075599,0.090475299,9.36E-05,0.035741018,0.001029192,0.00617515,0.003648952,0.002151946,0.003836078,0.000280689,9.36E-05,0.018619012,0.064090569,0.000374251,0.00065494,0.000374251,0.000374251,0.007204341,0.00617515,0.000561377,0.00261976
sallust.histories.txt,4061,193,21.02072539,0.512953368,5.827338129,0.004432406,0,0.001231224,0.112533859,0.000246245,0.023147008,0.000738734,0.005417385,0.002954937,0.007387343,0.001969958,0.000738734,0.000246245,0.031765575,0.058606255,0.000246245,0.000246245,0.001231224,0,0.002462448,0.011573504,0,0.003447427
sallust.jugurtha.txt,21287,941,22.59723698,0.515409139,5.773006135,0.008127026,4.70E-05,0.003288392,0.100155024,0.000234885,0.029501574,0.000563724,0.004509795,0.004979565,0.001033495,0.003899093,0,4.70E-05,0.018931742,0.062949218,0.000234885,0.000328839,0.000187908,4.70E-05,0.008596796,0.005731197,9.40E-05,0.002113966
scriptores_historiae_augustae.historia_augusta.part.1.books_1-5.txt,16427,593,27.64249578,0.534569983,6.580340265,0.003104645,6.09E-05,0.000852255,0.093261095,0.004626529,0.030924697,0.000182626,0.00633104,0.004383028,0.000426128,0.004687405,0.000426128,0,0.011870701,0.07365922,0.000243502,0.001400134,0.000121751,0,0.009861813,0.00474828,0.004200402,0.012905582
scriptores_historiae_augustae.historia_augusta.part.2.books_6-10.txt,14541,598,24.24080268,0.508361204,5.839662447,0.003438553,0,0.000550168,0.086926621,0.005295372,0.033766591,0.000206313,0.005295372,0.004745203,0.001375421,0.005707998,0.000412626,6.88E-05,0.012447562,0.072966096,0.000137542,0.001512963,0.000137542,0,0.008252527,0.003851179,0.003438553,0.010178117
scriptores_historiae_augustae.historia_augusta.part.3.books_11-15.txt,10808,324,33.19444444,0.663580247,6.200934579,0.003608438,0,0.000370096,0.086880089,0.005088823,0.043208734,0.000277572,0.006939304,0.005643967,0.000832717,0.005088823,0.000647668,0,0.015821614,0.067357513,0.000277572,0.001757957,0.000277572,0,0.007772021,0.006199112,0.004903775,0.013786084
scriptores_historiae_augustae.historia_augusta.part.4.books_16-21.txt,32417,1061,30.42978322,0.554194156,6.044995409,0.004102786,9.25E-05,0.00123392,0.097232933,0.00573773,0.036246414,0.00046272,0.006015362,0.005614338,0.001326465,0.004442114,0.000802048,0.00015424,0.015084678,0.066631706,0.00030848,0.002097665,0.000246784,0,0.007650307,0.00650893,0.004380418,0.014837894
seneca.ad_lucilium_epistulae_morales.part.1.1-10.txt,5110,393,12.99491094,0.37913486,4.5,0.003522505,0,0,0.089236791,0.003913894,0.042661448,0.001565558,0.010176125,0.006066536,0.009980431,0.006849315,0.005088063,0,0.038356164,0.046966732,0,0.002739726,0,0,0.009001957,0.009589041,0.003131115,0.009980431
seneca.ad_lucilium_epistulae_morales.part.10.91-100.txt,17046,1200,14.19583333,0.371666667,4.522094926,0.004517189,0.000175994,0.000175994,0.101020767,0.001701279,0.04323595,0.000527983,0.010794321,0.005162501,0.01102898,0.005279831,0.004223865,0.000175994,0.020415347,0.055496891,0,0.001877273,0,0.000175994,0.00709844,0.011850287,0.00404787,0.006570456
seneca.ad_lucilium_epistulae_morales.part.11.101-110.txt,10355,734,14.09945504,0.361035422,4.646239554,0.006180589,0.000482859,9.66E-05,0.103235152,0.002704008,0.038338967,0.001062289,0.008401738,0.004635442,0.011781748,0.004345727,0.0051183,0.000482859,0.028102366,0.048189281,0,0.002607436,9.66E-05,0,0.007629165,0.012844037,0.003862868,0.008305167
seneca.ad_lucilium_epistulae_morales.part.12.111-120.txt,10735,809,13.2645241,0.325092707,4.479674797,0.007824872,0.000186306,0.000186306,0.10041919,0.002235678,0.044713554,0.001024686,0.006148114,0.002794597,0.012389381,0.004191896,0.004750815,0.000465766,0.028598044,0.046483465,0,0.002794597,0.000186306,0.000465766,0.008011178,0.012016768,0.001676758,0.008756404
seneca.ad_lucilium_epistulae_morales.part.13.121-124.txt,4748,348,13.64367816,0.370689655,4.650887574,0.00547599,0.000210615,0,0.094355518,0.00252738,0.044650379,0.001053075,0.00884583,0.0042123,0.01221567,0.002737995,0.00294861,0,0.025273799,0.055812974,0,0.00210615,0,0,0.01137321,0.010320135,0.00252738,0.005265375
seneca.ad_lucilium_epistulae_morales.part.2.11-20.txt,7161,552,12.97101449,0.333333333,4.904761905,0.003491133,0.000139645,0.000139645,0.101382488,0.002234325,0.042172881,0.000418936,0.011450915,0.00446865,0.01159056,0.003770423,0.00474794,0.000418936,0.036447424,0.05557883,0.000139645,0.001815389,0,0,0.006423684,0.012428432,0.002234325,0.008378718
seneca.ad_lucilium_epistulae_morales.part.3.21-30.txt,7081,521,13.59117083,0.380038388,4.106382979,0.005366474,0.000282446,0,0.088829261,0.004801582,0.04533258,0.00141223,0.014404745,0.005084028,0.009744386,0.006778704,0.00564892,0.000141223,0.037424093,0.049992939,0,0.001694676,0.000141223,0.000141223,0.005366474,0.012568846,0.002118345,0.009744386
seneca.ad_lucilium_epistulae_morales.part.4.31-40.txt,4221,336,12.5625,0.375,4.356382979,0.004027482,0,0.000236911,0.103056148,0.001895285,0.046197584,0.000473821,0.010660981,0.004264392,0.012319356,0.00355366,0.007581142,0.000236911,0.035062781,0.04856669,0,0.001184553,0.000473821,0.000236911,0.008528785,0.012793177,0.00331675,0.007344231
seneca.ad_lucilium_epistulae_morales.part.5.41-50.txt,5501,433,12.69976905,0.33256351,4.372093023,0.00636248,0.000181785,0.00036357,0.085257226,0.002181422,0.048718415,0.001454281,0.00636248,0.005089984,0.012361389,0.005453554,0.006907835,0.000545355,0.040174514,0.054899109,0,0.002544992,0,0.00036357,0.004726413,0.013088529,0.003272132,0.008362116
seneca.ad_lucilium_epistulae_morales.part.6.51-60.txt,7741,572,13.53321678,0.374125874,4.47766323,0.002325281,0.000516729,0.000129182,0.096757525,0.003487921,0.042242604,0.00167937,0.00736339,0.004650562,0.010722129,0.004004651,0.002712828,0.000387547,0.03294148,0.05051027,0,0.004650562,0.000129182,0,0.007105025,0.010980493,0.004650562,0.009042759
seneca.ad_lucilium_epistulae_morales.part.7.61-70.txt,9181,708,12.96610169,0.358757062,4.629411765,0.004465744,0,0,0.097048252,0.002287333,0.044766365,0.000653524,0.008495807,0.004356824,0.01089206,0.003485459,0.003376539,0.000544603,0.027230149,0.055985187,0,0.002396253,0.000435682,0,0.006970918,0.010456377,0.004574665,0.007951204
seneca.ad_lucilium_epistulae_morales.part.8.71-80.txt,12747,920,13.85543478,0.375,4.715447154,0.004236291,0.000235349,0,0.105515023,0.002039696,0.044167255,0.000627599,0.00910018,0.00470699,0.010120028,0.006354436,0.002588844,0.000392249,0.024868597,0.05107084,0,0.001804346,0,7.84E-05,0.006511336,0.015925316,0.002431945,0.006040637
seneca.ad_lucilium_epistulae_morales.part.9.81-90.txt,18235,1308,13.94036697,0.389143731,4.702158273,0.004661366,0.000383877,0.000164519,0.097778996,0.002083905,0.041129696,0.000932273,0.008445298,0.004825884,0.010474362,0.00411297,0.00405813,0.000438717,0.018426104,0.056868659,0,0.001864546,0.000274198,5.48E-05,0.005977516,0.010967919,0.004222649,0.007129147
seneca.de_beneficiis.part.1.txt,3987,219,18.20091324,0.543378995,4.582887701,0.007273639,0,0.000250815,0.114873338,0.003009782,0.034863306,0.001504891,0.011035867,0.007022824,0.007022824,0.004263858,0.003511412,0,0.024579885,0.047905694,0,0.001755706,0,0,0.009781791,0.011035867,0.002758967,0.009530976
seneca.de_beneficiis.part.2.txt,6358,360,17.66111111,0.544444444,4.091772152,0.004246618,0.000471846,0,0.091852784,0.003302925,0.038848695,0.000786411,0.017772885,0.005976722,0.008493237,0.004403901,0.001415539,0.000157282,0.025951557,0.043409877,0,0.003302925,0.000314564,0.000314564,0.008335955,0.014627241,0.003932054,0.013211702
seneca.de_beneficiis.part.3.txt,6716,384,17.48958333,0.450520833,4.388111888,0.004169148,0,0,0.0967838,0.002680167,0.040202501,0.000297796,0.008189398,0.005211435,0.015038714,0.005062537,0.00238237,0.000148898,0.02173913,0.053603335,0,0.004318046,0.000446694,0.000446694,0.006849315,0.01533651,0.003275759,0.008933889
seneca.de_beneficiis.part.4.txt,7715,440,17.53409091,0.429545455,4.439739414,0.006221646,0,0,0.10330525,0.002981205,0.046403111,0.000648088,0.012054439,0.005314323,0.017239145,0.00544394,0.004795852,0,0.026182761,0.049773169,0,0.00272197,0.000648088,0.000129618,0.009332469,0.013350616,0.004018146,0.008943616
seneca.de_beneficiis.part.5.txt,6538,373,17.5227882,0.450402145,4.741312741,0.003517895,0.000611808,0,0.104160294,0.002753136,0.037473233,0.001376568,0.010247782,0.005200367,0.013000918,0.005659223,0.001376568,0.000152952,0.034720098,0.054144998,0,0.002753136,0.000152952,0.000611808,0.015142245,0.016518813,0.002753136,0.009024166
seneca.de_beneficiis.part.6.txt,7936,428,18.54205607,0.490654206,4.343575419,0.00453629,0.000126008,0,0.102570565,0.003150202,0.044732863,0.002016129,0.008316532,0.005040323,0.01108871,0.004662298,0.005166331,0.000126008,0.038306452,0.048261089,0,0.002898185,0.00063004,0.000126008,0.00718246,0.014616935,0.002268145,0.011844758
seneca.de_beneficiis.part.7.txt,6375,344,18.53197674,0.49127907,4.578544061,0.00454902,0,0.000156863,0.099137255,0.002509804,0.050196078,0.000784314,0.008313725,0.005647059,0.008627451,0.00172549,0.003764706,0.000313725,0.025882353,0.051921569,0,0.002196078,0.000470588,0,0.00627451,0.016470588,0.00345098,0.008941176
seneca.de_brevitate_vitae.txt,6189,337,18.35608309,0.445103858,5.357446809,0.005332041,0.000161577,0,0.078364841,0.002100501,0.045726289,0.002585232,0.008240427,0.002908386,0.012118274,0.005332041,0.004039425,0.000161577,0.022297625,0.060429795,0,0.00323154,0.000323154,0.000161577,0.009048312,0.006301503,0.006301503,0.006624657
seneca.de_clementia.txt,8356,378,22.1005291,0.529100529,4.935779817,0.003709909,0,0.000119674,0.098492101,0.002752513,0.035303973,0.000359023,0.011010053,0.004427956,0.006701771,0.003590235,0.001675443,0.00107707,0.021900431,0.055169938,0.000119674,0.001555768,0.000119674,0,0.009693633,0.010531355,0.003350886,0.008736237
seneca.de_consolatione_ad_helviam.txt,6771,361,18.74238227,0.48199446,5.054054054,0.004578349,0.000147689,0.000147689,0.07783193,0.001476887,0.044306602,0.001919953,0.009009009,0.005169104,0.008122877,0.006202924,0.003101462,0.000738443,0.031457687,0.057598582,0,0.002510707,0.000147689,0.000295377,0.008122877,0.007532122,0.005316792,0.005907547
seneca.de_consolatione_ad_marciam.txt,8192,408,20.04411765,0.426470588,5.294776119,0.003540039,0.000488281,0,0.093139648,0.001953125,0.036132813,0.001220703,0.004638672,0.003662109,0.00793457,0.005249023,0.002685547,0.00012207,0.02746582,0.055908203,0.00012207,0.001708984,0.000244141,0,0.006958008,0.009155273,0.006591797,0.006958008
seneca.de_consolatione_ad_polybium.txt,5674,279,20.32616487,0.46953405,5.185714286,0.00634473,0.000881213,0.000176243,0.087416285,0.001586183,0.05340148,0.000176243,0.009164611,0.00845964,0.006697215,0.006168488,0.002643638,0.000352485,0.040359535,0.047937963,0,0.00070497,0.000176243,0,0.007578428,0.010398308,0.00422982,0.006873458
seneca.de_constantia.txt,5292,252,20.98809524,0.523809524,5.571428571,0.003779289,0.000188964,0.000377929,0.12037037,0.002267574,0.04138322,0.000755858,0.006991686,0.006235828,0.007747543,0.002456538,0.002267574,0.000377929,0.021352986,0.050831444,0,0.003212396,0.000188964,0,0.00888133,0.0143613,0.002078609,0.009070295
seneca.de_ira.txt,22413,1329,16.84048157,0.393528969,5.074585635,0.005220185,0.00044617,0,0.109445411,0.002364699,0.033507339,0.001829295,0.0099942,0.004863249,0.012091197,0.004417079,0.002810869,0.000267702,0.018962209,0.051755678,0,0.003926293,0.000356936,4.46E-05,0.008387989,0.011065007,0.004372462,0.008164904
seneca.de_otio.txt,1962,97,20.20618557,0.515463918,5.092105263,0.006116208,0.001019368,0,0.109072375,0.000509684,0.04587156,0,0.008154944,0.004077472,0.010703364,0.00764526,0.001019368,0,0.029051988,0.066258919,0,0.00254842,0.000509684,0,0.011722732,0.01529052,0.003058104,0.008154944
seneca.de_providentia.txt,4094,251,16.30677291,0.38247012,5.136690647,0.001465559,0,0,0.085490962,0.001221299,0.035417684,0.001465559,0.008793356,0.004152418,0.015144113,0.006839277,0.003908158,0,0.02222765,0.052515877,0,0.002931119,0,0.00024426,0.007083537,0.012457255,0.005373718,0.006839277
seneca.de_tranquillitate_animi.txt,7555,369,20.46612466,0.449864499,5.438247012,0.00397088,0.000132363,0,0.11436135,0.001058901,0.029516876,0.000397088,0.012839179,0.005029782,0.006882859,0.004632694,0.001058901,0.000132363,0.029252151,0.051886168,0,0.004632694,0.000132363,0,0.012839179,0.009000662,0.002647253,0.007809398
seneca.de_vita_beata.txt,7313,396,18.4040404,0.431818182,5.105058366,0.005743197,0.000273486,0,0.117735539,0.001230685,0.038151238,0.000683714,0.005606454,0.006290168,0.012853822,0.00492274,0.00341857,0.000410228,0.029262956,0.054150144,0,0.002187885,0.000546971,0.000273486,0.007520853,0.011212909,0.00246137,0.006837139
seneca_the_elder.controversiae.part.1.txt,15836,1244,12.60771704,0.289389068,4.854251012,0.00208386,0.000505178,0,0.069398838,0.003978277,0.043192725,0.001073503,0.007009346,0.004420308,0.015344784,0.002904774,0.003031068,0.000505178,0.03018439,0.051591311,0,0.001641829,0.000126295,0,0.005051781,0.012250568,0.002778479,0.008588027
seneca_the_elder.controversiae.part.10.txt,10625,893,11.78611422,0.257558791,5.010238908,0.002729412,9.41E-05,9.41E-05,0.069835294,0.003670588,0.046211765,0.001035294,0.005270588,0.004611765,0.015811765,0.0032,0.0048,0.001223529,0.027670588,0.049411765,0,0.001694118,0.000282353,9.41E-05,0.004235294,0.015435294,0.003011765,0.007529412
seneca_the_elder.controversiae.part.2.txt,14042,1152,12.03125,0.274305556,4.738386308,0.002207663,0.000356075,0.00014243,0.071855861,0.004344111,0.041091013,0.000854579,0.007050278,0.003703176,0.016735508,0.002421308,0.003347102,0.00028486,0.029910269,0.050562598,0,0.001210654,0.00014243,0,0.00462897,0.014527845,0.002350093,0.008830651
seneca_the_elder.controversiae.part.7.txt,14188,1263,11.14964371,0.270783848,4.543123543,0.002537356,0.000281928,0,0.068790527,0.003946997,0.039399493,0.000704821,0.005286157,0.00606146,0.015224133,0.002396391,0.00267832,0.000422893,0.028756696,0.047927826,0,0.002255427,0.000140964,0,0.005215675,0.012052439,0.002466873,0.007893995
seneca_the_elder.controversiae.part.8.txt,11280,973,11.50359712,0.276464543,5.054054054,0.002304965,0,0,0.070656028,0.004166667,0.042907801,0.002304965,0.003102837,0.007446809,0.015780142,0.003280142,0.003989362,0.000177305,0.028900709,0.051684397,8.87E-05,0.001329787,8.87E-05,0.000177305,0.005407801,0.01143617,0.001861702,0.009485816
seneca_the_elder.excerpta_controversiae.txt,21200,2278,9.266022827,0.239683933,4.566009105,0.001933962,0.000330189,9.43E-05,0.063207547,0.002924528,0.032783019,0.001367925,0.004811321,0.005424528,0.014150943,0.002688679,0.003018868,0.000377358,0.027971698,0.053632075,9.43E-05,0.003207547,4.72E-05,0,0.005424528,0.013066038,0.001839623,0.01004717
seneca_the_elder.fragmenta.txt,151,9,16.44444444,0.111111111,6.333333333,0,0,0,0.145695364,0,0.01986755,0,0,0.006622517,0,0.006622517,0,0,0.013245033,0.059602649,0,0.013245033,0,0,0.006622517,0.013245033,0,0.006622517
seneca_the_elder.suasoriae.txt,10252,640,15.896875,0.3265625,5.697841727,0.003316426,0.000195084,0.000390168,0.075107296,0.003609052,0.041065158,9.75E-05,0.008388607,0.005559891,0.009754194,0.005267265,0.002341007,0.000877877,0.020386266,0.051111978,0,0.001170503,0.000390168,0,0.004486929,0.012192743,0.004682013,0.010632072
suetonius.de_vita_caesarum.part.1.julius.txt,9758,359,27.1643454,0.554317549,6.245733788,0.003176881,0.00010248,0.00122976,0.102582496,0.002562,0.018138963,0.00071736,0.008813281,0.007173601,0.0005124,0.003176881,0.00020496,0,0.011580242,0.082598893,0.00010248,0.003484321,0.0005124,0,0.010657922,0.005226481,0.006866161,0.009838082
suetonius.de_vita_caesarum.part.10.vespasian.txt,3219,126,25.53174603,0.436507937,6.179104478,0.002174588,0.000310655,0.000931966,0.102205654,0.003106555,0.019881951,0.000931966,0.007766387,0.004659832,0.000310655,0.00341721,0,0,0.010872942,0.07704256,0.000310655,0.00621311,0.000310655,0,0.010251631,0.004349177,0.007145076,0.010562286
suetonius.de_vita_caesarum.part.11.titus.txt,1490,55,27.05454545,0.527272727,5.547619048,0.002013423,0,0.000671141,0.120805369,0.002013423,0.01409396,0.001342282,0.010067114,0.009395973,0,0.002684564,0,0,0.012751678,0.079194631,0.000671141,0.002684564,0.001342282,0,0.012751678,0.004697987,0.010067114,0.012080537
suetonius.de_vita_caesarum.part.12.domitian.txt,3585,136,26.34558824,0.544117647,6.226415094,0.00167364,0,0.00083682,0.105718271,0.00167364,0.015899582,0.00111576,0.006973501,0.0041841,0.00027894,0.0041841,0,0,0.012552301,0.074198047,0.00055788,0.00251046,0.00083682,0,0.011436541,0.0027894,0.007810321,0.010878661
suetonius.de_vita_caesarum.part.2.augustus.txt,13878,549,25.26229508,0.451730419,6.238938053,0.003314599,7.21E-05,0.001080847,0.114353653,0.002449921,0.01808618,0.000648508,0.00843061,0.006340971,0.000720565,0.003242542,0.000144113,7.21E-05,0.01232166,0.076235769,0.000576452,0.003242542,0.000216169,7.21E-05,0.009727626,0.005476293,0.00432339,0.010448191
suetonius.de_vita_caesarum.part.3.tiberius.txt,9317,371,25.09433962,0.493261456,6.713709677,0.002146614,0,0.001073307,0.106257379,0.003434582,0.01728024,0.000643984,0.007513148,0.00633251,0.000321992,0.003005259,0.000107331,0,0.016958248,0.074916819,0.000321992,0.004400558,0.001180638,0.000214661,0.01255769,0.005473865,0.004829881,0.012235698
suetonius.de_vita_caesarum.part.4.caligula.txt,7771,299,25.9632107,0.464882943,6.80952381,0.001930254,0.000128684,0.001029469,0.110925235,0.002573671,0.016342813,0.000257367,0.008107065,0.004375241,0.000386051,0.002702355,0.000257367,0,0.012868357,0.073864368,0.000514734,0.003345773,0.000900785,0.000128684,0.011967572,0.004246558,0.006434178,0.010680736
suetonius.de_vita_caesarum.part.5.claudius.txt,6563,275,23.86545455,0.436363636,5.839506173,0.001371324,0,0.000761847,0.109705927,0.003352126,0.016608258,0.000304739,0.008227945,0.004266342,0.000761847,0.003961603,0,0,0.013713241,0.082736553,0,0.004875819,0.000761847,0,0.011275331,0.005485296,0.004418711,0.009599269
suetonius.de_vita_caesarum.part.6.nero.txt,7947,308,25.78571429,0.441558442,6.201117318,0.002265006,0,0.001635837,0.108720272,0.002265006,0.017490877,0.000503335,0.008430854,0.005410847,0.000629168,0.003271675,0.000125834,0,0.012457531,0.073864351,0.000377501,0.004278344,0.000755002,0,0.011450862,0.003523342,0.005410847,0.012457531
suetonius.de_vita_caesarum.part.7.galba.txt,2872,100,28.68,0.53,6.819444444,0.000696379,0,0.000696379,0.102715877,0.001740947,0.020543175,0,0.004874652,0.004526462,0.000696379,0.003133705,0,0,0.009401114,0.07729805,0,0.002089136,0.000696379,0,0.008008357,0.002785515,0.00591922,0.012534819
suetonius.de_vita_caesarum.part.8.otho.txt,1671,59,28.3220339,0.508474576,5.657894737,0.00299222,0,0.000598444,0.118491921,0.00299222,0.017953321,0,0.007779773,0.007779773,0.000598444,0.003590664,0,0,0.010771993,0.071214841,0.000598444,0.004189108,0.001196888,0,0.010771993,0.004787552,0.006582885,0.012567325
suetonius.de_vita_caesarum.part.9.vitellius.txt,2404,80,30.025,0.45,6.22,0.004159734,0,0.002079867,0.108569052,0.002911814,0.016638935,0,0.007071547,0.006655574,0,0.003327787,0,0,0.009983361,0.077371048,0,0.004991681,0.000415973,0,0.009151414,0.004575707,0.005823627,0.009567388
tacitus.agricola.txt,6737,294,22.91496599,0.411564626,5.885135135,0.00296868,0,0.000148434,0.12438771,0.001039038,0.014694968,0.000296868,0.007718569,0.004749889,0.00074217,0.006679531,0.000148434,0,0.009202909,0.056256494,0,0.00148434,0.000148434,0.000296868,0.003413982,0.007273267,0.006234229,0.007718569
tacitus.annales.part.1.txt,10751,508,21.16141732,0.411417323,6.136,0.00465073,9.30E-05,0.000279044,0.104176356,0.001116175,0.019067994,0.001116175,0.00809227,0.006883081,0.002697423,0.003813599,0.000279044,9.30E-05,0.007813227,0.06324993,0,0.001674263,0.000279044,0.000186029,0.005394847,0.007255139,0.002046321,0.008836387
tacitus.annales.part.11.txt,4688,215,21.79534884,0.437209302,6.423728814,0.002986348,0.000426621,0.000426621,0.105162116,0.000853242,0.022610922,0.001066553,0.008959044,0.009385666,0.001706485,0.002559727,0,0.000426621,0.00746587,0.063566553,0,0.001706485,0.001066553,0.000213311,0.004266212,0.007039249,0.004052901,0.006612628
tacitus.annales.part.12.txt,7403,341,21.70967742,0.416422287,6.177142857,0.002161286,0,0.000405241,0.109144941,0.001080643,0.02188302,0.001215723,0.008239903,0.006618938,0.000270161,0.003106849,0,0,0.00715926,0.057138998,0,0.000405241,0.000945563,0,0.004457652,0.007564501,0.001350804,0.007024179
tacitus.annales.part.13.txt,7586,327,23.19571865,0.513761468,6.133333333,0.003822832,0,0.000395465,0.106643818,0.000790931,0.024255207,0.001054574,0.008963881,0.007118376,0.00145004,0.003295544,0,0,0.006986554,0.057737938,0.000131822,0.001581861,0.000790931,0.000131822,0.005536515,0.007118376,0.001977327,0.008700237
tacitus.annales.part.14.txt,8023,380,21.11315789,0.455263158,6.624413146,0.002617475,0,0.000498567,0.110806432,0.00074785,0.02106444,0.001744983,0.007977066,0.006606008,0.003365325,0.00373925,0.000124642,0,0.009597407,0.053097345,0.000124642,0.000997133,0.000872492,0.000249283,0.005858158,0.007229216,0.001246417,0.007603141
tacitus.annales.part.15.txt,9123,384,23.7578125,0.481770833,6.304166667,0.003178779,0.000109613,0.000438452,0.112901458,0.000548065,0.019401513,0.002192261,0.008111367,0.005261427,0.000657678,0.003507618,0,0,0.007672915,0.057985312,0,0.001205744,0.000876905,0,0.006028719,0.00537104,0.001644196,0.007124849
tacitus.annales.part.16.txt,3837,174,22.05172414,0.488505747,6.080357143,0.003388064,0,0.00026062,0.114412301,0.000781861,0.022673964,0.002084962,0.00990357,0.008079229,0.000521241,0.003909304,0.000781861,0,0.008079229,0.056033359,0,0.001303101,0.000521241,0,0.005994266,0.006254887,0.001042481,0.008339849
tacitus.annales.part.2.txt,10290,481,21.39293139,0.397089397,6.025862069,0.003790087,0.000194363,0.000485909,0.107774538,0.001166181,0.020602527,0.001068999,0.008163265,0.006511176,0.000777454,0.00223518,0.000194363,0,0.007580175,0.06345967,0,0.001652089,0.000194363,0.000194363,0.00563654,0.007482993,0.002137998,0.008940719
tacitus.annales.part.3.txt,9284,444,20.90990991,0.414414414,6.83982684,0.003339078,0,0.00096941,0.111051271,0.001184834,0.022619561,0.000646273,0.010878931,0.007970702,0.002046532,0.003877639,0.000323137,0.000107712,0.00786299,0.061934511,0,0.001292546,0.000215424,0.000215424,0.004631624,0.007324429,0.002692805,0.009478673
tacitus.annales.part.4.txt,10004,443,22.58239278,0.465011287,6.429133858,0.003998401,0.00019992,0.00039984,0.108756497,0.00139944,0.025389844,0.0009996,0.008996401,0.005497801,0.0009996,0.003698521,0.00039984,0,0.008296681,0.06127549,0,0.0014994,0.00039984,0.00029988,0.005197921,0.006697321,0.00139944,0.009896042
tacitus.annales.part.5.txt,1025,44,23.29545455,0.409090909,6.380952381,0.002926829,0,0,0.109268293,0.00195122,0.027317073,0.00195122,0.006829268,0.007804878,0.00097561,0.00195122,0,0,0.009756098,0.068292683,0,0.00195122,0.00097561,0.00097561,0.003902439,0.004878049,0.003902439,0.007804878
tacitus.annales.part.6.txt,6891,294,23.43877551,0.448979592,6.564705882,0.002612103,0.000145117,0.000870701,0.106515745,0.000870701,0.020606588,0.002031635,0.008997243,0.007255841,0.001451168,0.002176752,0,0,0.007546075,0.062980699,0,0.001015818,0.000580467,0,0.004353505,0.005224205,0.002466986,0.00638514
tacitus.de_origine_et_situ_germanorum_liber.txt,5514,297,18.56565657,0.356902357,5.541666667,0.002720348,0,0.00054407,0.137468263,0.001269496,0.020674646,0.000906783,0.004171201,0.007616975,0.00054407,0.00580341,0,0,0.005440696,0.059666304,0,0.003083061,0.001088139,0.000181357,0.003808487,0.009067827,0.003808487,0.009793254
tacitus.dialogus_de_oratoribus.txt,9311,335,27.79402985,0.588059701,6.888178914,0.003329395,0.0002148,0.000429599,0.145311997,0.003007196,0.031038557,0.000429599,0.006658791,0.005047793,0.005584792,0.008591988,0.001181398,0,0.019009773,0.055096123,0,0.002470197,0.000644399,0.000536999,0.003651595,0.011062185,0.003866395,0.010525185
tacitus.historiae.part.1.txt,11852,504,23.51587302,0.349206349,5.930875576,0.003121836,0.00042187,0,0.10757678,0.001265609,0.013246709,0.001181235,0.008353021,0.00556868,0.001265609,0.004303071,0.000253122,0,0.008437395,0.062605467,0,0.001434357,0,0.000337496,0.003712454,0.005315559,0.003121836,0.010040499
tacitus.historiae.part.2.txt,12261,556,22.04136691,0.339928058,5.546666667,0.00277302,0.000244678,0,0.101133676,0.000815594,0.014272898,0.000897154,0.00701411,0.005464481,0.000407797,0.006850991,0,0,0.007177229,0.059619933,0,0.001712748,0.000489356,0.000326238,0.004975124,0.004485768,0.003751733,0.007911263
tacitus.historiae.part.3.txt,11228,578,19.41522491,0.352941176,5.603375527,0.002493766,0.000178126,0,0.10286783,0.000801568,0.016921981,0.001603135,0.006857855,0.004898468,0.001692198,0.004987531,0,0,0.006145351,0.058692554,0,0.001068757,0.000623441,0.000178126,0.00552191,0.006056288,0.002760955,0.009173495
tacitus.historiae.part.4.txt,12753,624,20.43429487,0.386217949,5.726973684,0.003371756,0.000392065,0,0.106876813,0.000705716,0.01583941,0.000627303,0.006037795,0.007841292,0.001803497,0.003999059,0.000156826,0,0.009174312,0.057868737,0,0.001411433,0.000235239,0.000235239,0.004861601,0.005410492,0.003528582,0.008390183
tacitus.historiae.part.5.txt,3416,173,19.74566474,0.341040462,5.271428571,0.0029274,0,0.00029274,0.102751756,0.00087822,0.016978923,0.00087822,0.007025761,0.004098361,0.00058548,0.004098361,0,0,0.005854801,0.057084309,0,0.00087822,0.00029274,0.00029274,0.003220141,0.005269321,0.00263466,0.006440281
tertullian.apologeticum.txt,19974,1179,16.94147583,0.407972858,5.43537415,0.003804946,0.000250325,0.000650846,0.112396115,0.002803645,0.030489637,0.001301692,0.010163212,0.005507159,0.010063082,0.007810153,0.00285371,0.000951237,0.018073496,0.069340142,0.00010013,0.001652148,0.000150195,5.01E-05,0.004205467,0.014418744,0.00275358,0.009562431
tertullian.de_spectaculis.txt,6378,351,18.12535613,0.404558405,5.726495726,0.002351834,0,0.000156789,0.115867043,0.002822201,0.034179994,0.000627156,0.005487614,0.004233302,0.009877705,0.008153026,0.002038257,0,0.010191283,0.079805582,0,0.001411101,0,0,0.003919724,0.010191283,0.001724679,0.008780182
valerius_maximus.facta_et_dicta_memorabilia.part.1.txt,8300,296,27.98648649,0.618243243,7.138339921,0.000843373,0,0.000481928,0.073012048,0.004939759,0.031204819,0.000722892,0.011084337,0.006746988,0.001445783,0.003855422,0.000240964,0,0.012168675,0.063855422,0.00060241,0.000963855,0.000120482,0.000120482,0.00939759,0.002891566,0.006144578,0.00686747
valerius_maximus.facta_et_dicta_memorabilia.part.2.txt,8868,344,25.71511628,0.575581395,7.386759582,0.000112765,0.000112765,0.00045106,0.083220568,0.00293189,0.029431664,0.00045106,0.01465945,0.00766802,0.002368065,0.00315742,0.00045106,0.000112765,0.01195309,0.057848444,0.000112765,0.000789355,0.000338295,0,0.00811908,0.004397835,0.006427605,0.008231845
valerius_maximus.facta_et_dicta_memorabilia.part.3.txt,9226,348,26.45977011,0.57183908,7.144827586,0.000975504,0.000108389,0.000216779,0.079449382,0.004552352,0.03262519,0.001083893,0.012031216,0.006936917,0.002167787,0.004010405,0.000541947,0,0.017125515,0.055712118,0.000325168,0.000975504,0.000541947,0.000108389,0.010947323,0.004010405,0.007478864,0.007695643
valerius_maximus.facta_et_dicta_memorabilia.part.4.txt,9259,373,24.77747989,0.54691689,6.996503497,0.00108003,0,0.000540015,0.081758289,0.004536127,0.037477049,0.000216006,0.008748245,0.007344206,0.003240091,0.003456097,0.001512042,0.000324009,0.013500378,0.05464953,0.000216006,0.001296036,0.000432012,0.000108003,0.010692299,0.004212118,0.00572416,0.006804191
valerius_maximus.facta_et_dicta_memorabilia.part.5.txt,9987,381,26.167979,0.577427822,6.788461538,0.001602083,0.00010013,0.000300391,0.084309602,0.003404426,0.033643737,0.000400521,0.010113147,0.007309502,0.003304296,0.005106639,0.000700911,0.00020026,0.014518875,0.051967558,0,0.000600781,0.000700911,0.000300391,0.009612496,0.005106639,0.008611195,0.007710023
valerius_maximus.facta_et_dicta_memorabilia.part.6.txt,8759,380,23.02368421,0.505263158,6.862453532,0.001484188,0,0.000228337,0.075921909,0.004338395,0.036419683,0.000570841,0.00730677,0.008334285,0.002511702,0.003881722,0.00068501,0,0.017011074,0.05457244,0.000228337,0.00068501,0.000456673,0.000342505,0.011530997,0.005023404,0.00730677,0.008220116
valerius_maximus.facta_et_dicta_memorabilia.part.7.txt,7638,301,25.33887043,0.581395349,6.988047809,0.001440168,0,0.000392773,0.083006023,0.004320503,0.032731081,0.001178319,0.00877193,0.007724535,0.001571092,0.004320503,0.000523697,0.000261849,0.011914114,0.048180152,0.000523697,0.002356638,0.000261849,0.000261849,0.008510081,0.004975124,0.008902854,0.0096884
valerius_maximus.facta_et_dicta_memorabilia.part.8.txt,8711,351,24.78062678,0.623931624,6.857142857,0.001377569,0,0.00045919,0.075766273,0.004132706,0.032946849,0.001377569,0.012398117,0.006773046,0.00218115,0.003903111,0.000803582,0,0.00964298,0.054413959,0.000114797,0.001951556,0.000688784,0.00045919,0.007806222,0.004706693,0.009413385,0.008609804
valerius_maximus.facta_et_dicta_memorabilia.part.9.txt,8965,368,24.33423913,0.58423913,7.163265306,0.000780814,0,0.000669269,0.082097044,0.004015616,0.028890128,0.001561629,0.009146682,0.006469604,0.004461796,0.004907975,0.000557724,0.00022309,0.012716118,0.055883993,0.000111545,0.000780814,0.000111545,0.00044618,0.010150586,0.003457892,0.005800335,0.007361963
vitruvius.de_architectura.part.1.txt,6026,230,26.19130435,0.543478261,6.491712707,0.002821109,0.000165948,0.000165948,0.119316296,0.004314637,0.027049452,0.000497843,0.013939595,0.002489213,0.000165948,0.001493528,0.000165948,0.000331895,0.003650846,0.080484567,0,0,0.000331895,0.000165948,0.001161633,0.009790906,0.001493528,0.006637902
vitruvius.de_architectura.part.10.txt,8360,388,21.53608247,0.505154639,5.904929577,0.002751196,0.000239234,0,0.083971292,0.005741627,0.034090909,0.000119617,0.008732057,0.005263158,0,0.002033493,0.000119617,0,0.004425837,0.098564593,0,0.000598086,0,0,0.003708134,0.005502392,0.001315789,0.004425837
vitruvius.de_architectura.part.2.txt,6928,297,23.31986532,0.501683502,6.387096774,0.003464203,0.000577367,0,0.112875289,0.008949192,0.038827945,0.000288684,0.00721709,0.002309469,0,0.002165127,0,0,0.007072748,0.093822171,0,0.000288684,0,0,0.005773672,0.006206697,0.001732102,0.003608545
vitruvius.de_architectura.part.3.txt,4044,175,23.10857143,0.468571429,5.787401575,0.00098912,0,0.00024728,0.100890208,0.002720079,0.028684471,0.00024728,0.013847676,0.003214639,0,0.001978239,0,0,0.00098912,0.09248269,0,0,0,0.00024728,0.00049456,0.010880317,0.001978239,0.005440158
vitruvius.de_architectura.part.4.txt,4043,195,20.72820513,0.446153846,6.131782946,0.003462775,0,0.000494682,0.09126886,0.001978729,0.026712837,0.000247341,0.00445214,0.004204798,0,0.00222607,0,0,0.00222607,0.092752906,0,0.000247341,0,0.000247341,0.000989364,0.010140984,0.001236705,0.002473411
vitruvius.de_architectura.part.5.txt,5913,240,24.6375,0.558333333,6.120192308,0.00152207,0,0.000338238,0.094368341,0.004397091,0.027904617,0.000338238,0.011330966,0.005242686,0,0.00152207,0,0,0.003720616,0.100963978,0.000169119,0,0.000169119,0.000169119,0.002875021,0.009808896,0.003551497,0.003382378
vitruvius.de_architectura.part.6.txt,5038,219,23.00456621,0.438356164,6.375,0.003572846,0.000198491,0.000198491,0.10301707,0.006153235,0.03116316,0.000198491,0.009130607,0.004763795,0.000198491,0.001190949,0,0,0.004366812,0.089718142,0,0,0.000198491,0,0.001786423,0.007741167,0.003771338,0.004168321
vitruvius.de_architectura.part.7.txt,5661,243,23.28395062,0.46090535,6.15,0.003709592,0.000176647,0,0.103161986,0.008655715,0.029676736,0.000353294,0.010952129,0.004592828,0.000529942,0.001413178,0,0,0.008832362,0.079137961,0,0.000353294,0,0.000176647,0.006889242,0.012365306,0.001059883,0.006006006
vitruvius.de_architectura.part.8.txt,5783,231,25.03463203,0.558441558,6.415841584,0.003804254,0.000518762,0,0.116721425,0.005879301,0.033892443,0,0.008991873,0.003285492,0,0.001556286,0,0,0.005706381,0.093031299,0,0,0.000172921,0,0.004841778,0.014179492,0.004150095,0.002939651
vitruvius.de_architectura.part.9.txt,6081,273,22.26007326,0.472527473,6.066666667,0.004933399,0.000164447,0.000164447,0.088965631,0.007893439,0.037000493,0.000328893,0.009373458,0.003288933,0.000164447,0.001315573,0,0.000164447,0.005591186,0.102779148,0,0.000328893,0,0.000328893,0.004440059,0.004440059,0.001644466,0.002795593