,word_count,sentence_count,sentence_length,fraction_sentence_relative,relative_clause_length,alius,antequam,atque_consonant,conjunction,cum_clause,demonstrative,dum,gerundive,idem,interrogative,ipse,iste,o_interjection,personal,preposition,priusquam,quidam,quin,quominus,reflexive,si,superlative,ut
ammianus.rerum_gestarum.part.14.txt,8221,269,30.50557620817844,0.6059479553903345,5.661016949152542,0.003284271986376353,0.0001216397031991242,0.0013380367351903662,0.0874589466001703,0.0035275513927746018,0.027977131735798563,0.0010947573287921177,0.009366257146332563,0.004987227831164092,0.0002432794063982484,0.0014596764383894903,0.0001216397031991242,0.0,0.007298382191947452,0.06410412358593845,0.0,0.005717066050358837,0.0001216397031991242,0.0,0.004622308721566719,0.00377083079917285,0.0023111543607833595,0.013137087945505412
ammianus.rerum_gestarum.part.15.txt,6872,247,27.74089068825911,0.4817813765182186,5.6473988439306355,0.003637951105937136,0.00043655413271245633,0.0002910360884749709,0.08381839348079162,0.0021827706635622816,0.026629802095459836,0.0017462165308498253,0.011059371362048894,0.003346915017462165,0.0,0.0027648428405122236,0.0,0.0,0.008440046565774156,0.06315483119906869,0.0,0.0032013969732246797,0.0,0.0,0.005384167636786961,0.0027648428405122236,0.0030558789289871946,0.015279394644935973
ammianus.rerum_gestarum.part.16.txt,7676,243,31.448559670781894,0.5473251028806584,5.472222222222222,0.0032569046378322043,0.0002605523710265763,0.0002605523710265763,0.08767587285044294,0.0032569046378322043,0.023710265763418448,0.0013027618551328818,0.013288170922355394,0.0035174570088587808,0.0005211047420531526,0.0028660760812923396,0.0002605523710265763,0.00013027618551328816,0.010291818655549765,0.06122980719124544,0.0,0.005211047420531527,0.00013027618551328816,0.0,0.0070349140177175615,0.0035174570088587808,0.003126628452318916,0.012376237623762377
ammianus.rerum_gestarum.part.17.txt,7396,266,27.75563909774436,0.5037593984962406,5.323076923076923,0.0027041644131963224,0.00027041644131963225,0.0005408328826392645,0.08666846944294213,0.0016224986479177934,0.02082206598161168,0.0016224986479177934,0.010951865873445106,0.0048674959437533805,0.00027041644131963225,0.002568956192536506,0.0,0.0,0.008788534342888048,0.05408328826392644,0.0,0.0024337479718766902,0.0,0.0,0.0052731206057328285,0.0036506219578150353,0.0028393726338561383,0.012574364521362898
ammianus.rerum_gestarum.part.18.txt,5042,152,33.13157894736842,0.5789473684210527,5.231343283582089,0.00218167393891313,0.0,0.0003966679888932963,0.08389527965093217,0.003768345894486315,0.022015073383577947,0.0035700119000396666,0.009916699722332408,0.0061483538278460925,0.0007933359777865926,0.002776675922253074,0.0,0.0,0.009916699722332408,0.06307021023403411,0.0,0.0031733439111463705,0.0003966679888932963,0.0,0.0031733439111463705,0.0033716779055930186,0.0065450218167393895,0.01090836969456565
ammianus.rerum_gestarum.part.19.txt,5710,174,32.7816091954023,0.5344827586206896,5.6938775510204085,0.005078809106830123,0.0003502626970227671,0.00017513134851138354,0.08126094570928197,0.002276707530647986,0.015061295971978984,0.002276707530647986,0.010683012259194396,0.003852889667250438,0.0,0.0021015761821366026,0.0,0.0,0.006654991243432574,0.06304728546409807,0.00017513134851138354,0.003852889667250438,0.0,0.00017513134851138354,0.002626970227670753,0.0029772329246935203,0.0031523642732049035,0.012434325744308231
ammianus.rerum_gestarum.part.20.txt,6488,222,29.17117117117117,0.5720720720720721,5.087431693989071,0.0026202219482120838,0.00030826140567200987,0.0007706535141800247,0.09124537607891492,0.005086313193588163,0.021115906288532677,0.0018495684340320592,0.008323057953144267,0.006011097410604192,0.0,0.0027743526510480886,0.0,0.0,0.008014796547472256,0.055487053020961775,0.0,0.0026202219482120838,0.0,0.0,0.004161528976572133,0.0032367447595561035,0.0038532675709001232,0.010789149198520346
ammianus.rerum_gestarum.part.21.txt,7146,250,28.5,0.528,5.331632653061225,0.004058214385670305,0.000559753708368318,0.000279876854184159,0.09557794570389029,0.002938706968933669,0.02672823957458718,0.0018191995521970334,0.01371396585502379,0.004617968094038623,0.000279876854184159,0.002239014833473272,0.0,0.0,0.009235936188077247,0.060733277357962495,0.0,0.003498460677301987,0.000559753708368318,0.0,0.0065771060733277355,0.003918275958578225,0.003638399104394067,0.014413657990484188
ammianus.rerum_gestarum.part.22.txt,8920,303,29.353135313531354,0.6336633663366337,6.034602076124568,0.004035874439461884,0.0002242152466367713,0.00033632286995515697,0.08834080717488789,0.002466367713004484,0.02623318385650224,0.001233183856502242,0.00874439461883408,0.004596412556053812,0.00033632286995515697,0.002914798206278027,0.0,0.00033632286995515697,0.006502242152466368,0.06704035874439462,0.0,0.004147982062780269,0.0004484304932735426,0.0,0.004484304932735426,0.0026905829596412557,0.003475336322869955,0.010874439461883408
ammianus.rerum_gestarum.part.23.txt,6843,269,25.394052044609666,0.5576208178438662,6.0772946859903385,0.004091772614350431,0.0005845389449072045,0.0007306736811340056,0.10010229431535876,0.0020458863071752156,0.027911734619319013,0.0007306736811340056,0.00789127575624726,0.003799503141896829,0.0,0.004237907350577232,0.0,0.0,0.005699254712845244,0.05962297238053485,0.0,0.00263042525208242,0.0,0.0,0.0029226947245360223,0.0032149641969896245,0.006429928393979249,0.011398509425690487
ammianus.rerum_gestarum.part.24.txt,5786,208,27.778846153846153,0.5336538461538461,5.575,0.004493605254061528,0.00017283097131005876,0.0005184929139301763,0.07863809194607674,0.003629450397511234,0.016073280331835464,0.0015554787417905289,0.00846871759419288,0.0031109574835810577,0.0,0.0038022813688212928,0.00017283097131005876,0.0,0.009160041479433114,0.05375043207742827,0.0,0.00276529554096094,0.00017283097131005876,0.0,0.005703422053231939,0.002246802627030764,0.005184929139301763,0.010024196335983409
ammianus.rerum_gestarum.part.25.txt,6813,237,28.717299578059073,0.5611814345991561,5.0890052356020945,0.0032291207984735063,0.0002935564362248642,0.0005871128724497284,0.08586525759577279,0.0032291207984735063,0.02289740202553941,0.002642007926023778,0.010568031704095112,0.003816233670923235,0.0002935564362248642,0.0030823425803610744,0.0002935564362248642,0.0001467782181124321,0.00763246734184647,0.06282107735212095,0.0,0.0046969029795978275,0.0,0.0,0.004109790107148099,0.004403346543372964,0.003963011889035667,0.013356817848231322
ammianus.rerum_gestarum.part.26.txt,6323,194,32.54123711340206,0.5515463917525774,4.946745562130178,0.002846749960461806,0.00015815277558121145,0.0011070694290684802,0.08113237387316147,0.0018978333069745374,0.022299541356950815,0.0012652222046496916,0.011861458168590858,0.005535347145342401,0.0,0.002688597184880595,0.0,0.0,0.007433180452316938,0.0662660129685276,0.0,0.00537719436976119,0.00015815277558121145,0.00015815277558121145,0.006009805472086035,0.003479361062786652,0.00537719436976119,0.013284833148821762
ammianus.rerum_gestarum.part.27.txt,6282,216,29.03240740740741,0.6203703703703703,5.303664921465969,0.0033428844317096467,0.0006367398917542184,0.0001591849729385546,0.08723336517032793,0.0030245144858325372,0.024992040751353074,0.0014326647564469914,0.012098057943330149,0.004138809296402419,0.0004775549188156638,0.0028653295128939827,0.0,0.0,0.00795924864692773,0.061445399554282076,0.0,0.0028653295128939827,0.0,0.0,0.0052531041069723014,0.003979624323463865,0.004457179242279528,0.011938872970391595
ammianus.rerum_gestarum.part.28.txt,7162,245,29.175510204081633,0.563265306122449,5.494736842105263,0.003909522479754258,0.0004188774085450991,0.0006981290142418319,0.08628874616029042,0.002932141859815694,0.02890254118961184,0.0018151354370287628,0.011030438425020944,0.005305780508237923,0.00027925160569673273,0.003351019268360793,0.0,0.0,0.007260541748115051,0.0664618821558224,0.0,0.006422786931024853,0.00027925160569673273,0.0,0.006422786931024853,0.004328399888299358,0.0036302708740575257,0.018011728567439263
ammianus.rerum_gestarum.part.29.txt,7697,236,32.54661016949152,0.690677966101695,5.190082644628099,0.003118097960244251,0.00012992074834351045,0.0007795244900610628,0.07730284526438873,0.0029881772119007407,0.02299597245680135,0.0018188904768091465,0.010913342860854878,0.004677146940366377,0.0003897622450305314,0.005196829933740418,0.00012992074834351045,0.00012992074834351045,0.006755878913862544,0.06496037417175522,0.0,0.004417305443679355,0.00012992074834351045,0.0,0.0050669091853969075,0.003637780953618293,0.003507860205274782,0.012472391840977004
ammianus.rerum_gestarum.part.30.txt,6066,178,34.02808988764045,0.6629213483146067,5.2368421052631575,0.002967359050445104,0.0003297065611605671,0.0011539729640619848,0.08424002637652489,0.003956478733926805,0.030333003626772173,0.0009891196834817012,0.013353115727002967,0.003626772172766238,0.0,0.003956478733926805,0.0,0.0,0.007253544345532476,0.06247939333992746,0.0,0.003956478733926805,0.0,0.0,0.005440158259149357,0.005440158259149357,0.0031322123310253873,0.015496208374546653
ammianus.rerum_gestarum.part.31.txt,9603,334,28.736526946107784,0.5029940119760479,5.481781376518219,0.0035405602415911693,0.00010413412475268145,0.0008330729980214516,0.09142976153285431,0.001353743621784859,0.019577215453504115,0.0017702801207955846,0.012079558471311048,0.005206706237634072,0.0,0.0035405602415911693,0.0,0.0,0.006248047485160888,0.06091846298031865,0.0,0.0029157554930750807,0.0,0.0,0.005414974487139436,0.002707487243569718,0.002290950744558992,0.010934083099031553
apuleius.apologia.txt,21963,946,23.108879492600423,0.4894291754756871,6.113333333333333,0.0026408049902108092,0.00013659336156262805,0.00018212448208350406,0.09383963939352548,0.0022310249055229247,0.03838273459909848,0.0006374356872922642,0.007876883850111552,0.005418203341984246,0.01029003323771798,0.004780767654691982,0.004279925328962346,0.0005008423257296362,0.03346537358284388,0.052178664116923915,0.0005463734462505122,0.002003369302918545,0.0010472157719801484,0.0,0.0053271411009424945,0.01224787142011565,0.0053271411009424945,0.010790875563447617
apuleius.florida.txt,7937,279,28.258064516129032,0.5232974910394266,6.168776371308017,0.0032757969005921634,0.0,0.00025198437696862794,0.10860526647347865,0.0021418672042333377,0.03376590651379614,0.0008819453193901979,0.008189492251480409,0.0032757969005921634,0.0031498047121078492,0.0035277812775607914,0.0017638906387803957,0.00025198437696862794,0.025450422073831424,0.04951493007433539,0.0005039687539372559,0.0020158750157490235,0.0018898828272647095,0.0,0.005921632858762757,0.00793750787451178,0.007181554743605896,0.008189492251480409
apuleius.metamorphoses.part.1.txt,4132,172,23.261627906976745,0.36627906976744184,6.021978021978022,0.002420135527589545,0.0,0.000968054211035818,0.10140367860600194,0.001452081316553727,0.03872216844143272,0.0026621490803484995,0.001936108422071636,0.0031461761858664087,0.009438528557599225,0.005082284607938045,0.0062923523717328175,0.0002420135527589545,0.03654404646660213,0.04356243949661181,0.0002420135527589545,0.001452081316553727,0.000484027105517909,0.0,0.0026621490803484995,0.002904162633107454,0.002904162633107454,0.007986447241045498
apuleius.metamorphoses.part.10.txt,5796,163,35.41104294478528,0.5398773006134969,6.457142857142857,0.0027605244996549345,0.0001725327812284334,0.0015527950310559005,0.09799861973775018,0.0013802622498274672,0.027950310559006212,0.0006901311249137336,0.004830917874396135,0.003450655624568668,0.0012077294685990338,0.006038647342995169,0.003968253968253968,0.0,0.02087646652864044,0.03554175293305728,0.0003450655624568668,0.002933057280883368,0.0001725327812284334,0.0,0.006901311249137336,0.0032781228433402345,0.009316770186335404,0.005348516218081435
apuleius.metamorphoses.part.11.txt,4946,148,33.317567567567565,0.5135135135135135,7.175,0.002426202992317024,0.0,0.0004043671653861706,0.09239789729074,0.001213101496158512,0.01860088960776385,0.0008087343307723412,0.005863323898099474,0.0022240194096239383,0.0014152850788515972,0.007076425394257986,0.003841488071168621,0.0,0.024059846340477153,0.033966841892438336,0.0,0.001819652244237768,0.0004043671653861706,0.0,0.0020218358269308533,0.002426202992317024,0.004448038819247877,0.0026283865750101093
apuleius.metamorphoses.part.2.txt,4931,180,26.733333333333334,0.36666666666666664,6.766666666666667,0.002839180693571284,0.00020279862096937742,0.0006083958629081322,0.1024133035895356,0.0024335834516325287,0.03731494625836544,0.0024335834516325287,0.002839180693571284,0.002027986209693774,0.004258771040356926,0.005881160008111945,0.00466436828229568,0.00040559724193875484,0.026972216588927195,0.04562968971810992,0.00020279862096937742,0.0036503751774487935,0.001013993104846887,0.0,0.0012167917258162643,0.002027986209693774,0.003041979314540661,0.006083958629081322
apuleius.metamorphoses.part.3.txt,4158,121,34.01652892561984,0.5702479338842975,6.586538461538462,0.001443001443001443,0.0,0.0012025012025012026,0.09716209716209716,0.002405002405002405,0.02813852813852814,0.001443001443001443,0.003367003367003367,0.002405002405002405,0.0016835016835016834,0.006734006734006734,0.005772005772005772,0.0002405002405002405,0.03439153439153439,0.04136604136604136,0.000481000481000481,0.004329004329004329,0.0002405002405002405,0.0,0.0026455026455026454,0.0021645021645021645,0.005291005291005291,0.00481000481000481
apuleius.metamorphoses.part.4.txt,5165,143,35.89510489510489,0.4405594405594406,7.528735632183908,0.001548886737657309,0.0,0.0011616650532429815,0.09970958373668926,0.0011616650532429815,0.023233301064859633,0.0011616650532429815,0.00484027105517909,0.0021297192642787998,0.0036786060019361085,0.0056147144240077445,0.003291384317521781,0.0001936108422071636,0.024782187802516942,0.03756050338818974,0.0,0.0036786060019361085,0.0001936108422071636,0.0,0.006582768635043562,0.0017424975798644724,0.005227492739593417,0.0042594385285575995
apuleius.metamorphoses.part.5.txt,4652,168,27.386904761904763,0.38095238095238093,6.585365853658536,0.0025795356835769563,0.0,0.001934651762682717,0.1085554600171969,0.001934651762682717,0.035898538263112637,0.0015047291487532244,0.0030094582975064487,0.0008598452278589854,0.0045141874462596735,0.006878761822871883,0.005374032674118658,0.00021496130696474635,0.033319002579535684,0.02880481513327601,0.00021496130696474635,0.0015047291487532244,0.0,0.0,0.007093723129836629,0.005803955288048152,0.003869303525365434,0.0060189165950128975
apuleius.metamorphoses.part.6.txt,4581,166,27.216867469879517,0.39156626506024095,6.530864197530864,0.0024012224405151714,0.00021829294913774285,0.0017463435931019428,0.11700502073783017,0.0017463435931019428,0.026413446845666884,0.0019646365422396855,0.0037109801353416285,0.0017463435931019428,0.007203667321545514,0.005893909626719057,0.007203667321545514,0.00021829294913774285,0.027941497489631085,0.03558175070945208,0.0,0.0015280506439641999,0.0004365858982754857,0.0,0.005020737830168085,0.0032743942370661427,0.0032743942370661427,0.0030561012879283997
apuleius.metamorphoses.part.7.txt,4140,137,29.970802919708028,0.39416058394160586,6.666666666666667,0.0024154589371980675,0.0,0.0024154589371980675,0.11642512077294687,0.001932367149758454,0.028985507246376812,0.000966183574879227,0.005314009661835749,0.003140096618357488,0.003864734299516908,0.007246376811594203,0.004347826086956522,0.0,0.033091787439613524,0.033091787439613524,0.0,0.003864734299516908,0.000966183574879227,0.0,0.004347826086956522,0.003864734299516908,0.007729468599033816,0.005072463768115942
apuleius.metamorphoses.part.8.txt,4874,172,28.1453488372093,0.37790697674418605,6.967391304347826,0.0038982355354944603,0.0,0.0006155108740254411,0.10094378334017234,0.0010258514567090685,0.027903159622486663,0.0012310217480508822,0.003282724661469019,0.0016413623307345096,0.002872384078785392,0.004513746409519901,0.002872384078785392,0.0,0.023389413212966764,0.03857201477226098,0.0002051702913418137,0.004924086992203529,0.0008206811653672548,0.0,0.006770619614279852,0.0018465326220763233,0.005744768157570784,0.003487894952810833
apuleius.metamorphoses.part.9 2.txt,6584,212,30.830188679245282,0.41037735849056606,6.8,0.001974483596597813,0.0,0.0013669501822600244,0.10419198055893074,0.0009113001215066828,0.0344775212636695,0.0015188335358444715,0.002885783718104496,0.0018226002430133657,0.002430133657351154,0.005923450789793438,0.00318955042527339,0.00015188335358444713,0.02323815309842041,0.04070473876063183,0.0,0.0047083839611178615,0.0004556500607533414,0.0,0.007290400972053463,0.0025820170109356016,0.006075334143377886,0.006834750911300122
apuleius.metamorphoses.part.9.txt,6584,212,30.830188679245282,0.41037735849056606,6.8,0.001974483596597813,0.0,0.0013669501822600244,0.10419198055893074,0.0009113001215066828,0.0344775212636695,0.0015188335358444715,0.002885783718104496,0.0018226002430133657,0.002430133657351154,0.005923450789793438,0.00318955042527339,0.00015188335358444713,0.02323815309842041,0.04070473876063183,0.0,0.0047083839611178615,0.0004556500607533414,0.0,0.007290400972053463,0.0025820170109356016,0.006075334143377886,0.006834750911300122
augustine.epistulae_11_20.part.2.txt,4815,195,24.682051282051283,0.6256410256410256,5.363636363636363,0.0020768431983385254,0.0,0.001869158878504673,0.1146417445482866,0.004153686396677051,0.03821391484942887,0.0004153686396677051,0.0122533748701973,0.003738317757009346,0.004569055036344756,0.0076843198338525445,0.0029075804776739354,0.00020768431983385254,0.04402907580477674,0.05773624091381101,0.0,0.004361370716510903,0.0,0.0,0.0026998961578400833,0.017445482866043614,0.0060228452751817235,0.013707165109034268
augustine.epistulae_1_10.part.1.txt,4791,270,17.72222222222222,0.4740740740740741,5.107476635514018,0.00459194322688374,0.0004174493842621582,0.0031308703819661866,0.10937173867668545,0.006261740763932373,0.04487580880818201,0.0006261740763932373,0.013567104988520142,0.0031308703819661866,0.013149655604257984,0.005635566687539136,0.004383218534752661,0.0006261740763932373,0.043206011271133375,0.051972448340638695,0.0006261740763932373,0.003548319766228345,0.0,0.0,0.005426841995408057,0.012106032143602587,0.007722813608849927,0.01419327906491338
augustine.epistulae_21_30.part.3.txt,13013,476,27.342436974789916,0.5819327731092437,6.191489361702128,0.0020748482286943827,0.0002305386920771536,0.0013063859217705373,0.11135018827326519,0.0030738492276953817,0.03319757165911012,0.0006147698455390763,0.010374241143471912,0.003458080381157304,0.004687620072235457,0.006224544686083148,0.002151694459386767,0.0005379236148466917,0.047337278106508875,0.058941058941058944,7.684623069238454e-05,0.0007684623069238454,0.00015369246138476907,0.0,0.002997002997002997,0.013294397909782525,0.00507185122569738,0.01267962806424345
augustine.epistulae_31_40.part.4.txt,14078,615,22.86829268292683,0.5577235772357724,5.590509666080844,0.0032675095894303167,7.103281716152862e-05,0.0012785907089075152,0.10640716010796988,0.0031254439551072597,0.03899701662167922,0.000568262537292229,0.010796988208552351,0.004830231566983947,0.005043330018468533,0.007813609887768148,0.004333001846853246,0.00035516408580764315,0.030899275465264952,0.05888620542690723,0.0,0.0010654922574229295,0.0,7.103281716152862e-05,0.003977837761045603,0.013141071174882796,0.004617133115499361,0.013496235260690439
augustine.epistulae_41_50.part.5.txt,12367,456,27.114035087719298,0.6293859649122807,5.595978062157221,0.003719576291744158,0.0004043017708417563,0.0009703242500202151,0.10705910891889707,0.0036387159375758068,0.04471577585509825,0.0005660224791784587,0.00840947683350853,0.005094202312606129,0.004851621250101076,0.009945823562707205,0.0023449502708821866,0.0004043017708417563,0.02636047545888251,0.070671949543139,8.086035416835126e-05,0.0012937656666936201,0.0,0.0,0.004851621250101076,0.015363467291986739,0.003962157354249212,0.010835287458559068
augustine.epistulae_51_62.part.6.txt,14067,445,31.604494382022473,0.6359550561797753,5.652951699463327,0.003838771593090211,7.108836283500391e-05,0.0008530603540200469,0.11281723181915121,0.003909859955925215,0.041231250444302266,0.0005687069026800313,0.010663254425250587,0.0036965948674202035,0.0027013577877301486,0.008317338451695458,0.0035544181417501955,7.108836283500391e-05,0.02253501101869624,0.07990331982654439,0.0,0.0017772090708750978,0.00014217672567000782,7.108836283500391e-05,0.0036255065045851993,0.012866993673135707,0.0039809483187602185,0.010236724248240563
caesar.de_bello_civili.part.1.txt,10903,526,20.724334600760457,0.46387832699619774,6.556818181818182,0.0021095111437219112,0.0,0.0004585893790699807,0.08603136751352838,0.0016509217646519306,0.0356782536916445,0.0007337430065119692,0.007979455195817664,0.00596166192790975,0.0005503072548839769,0.0042190222874438224,0.0,0.0,0.016050628267449327,0.08172062735027057,0.0001834357516279923,0.0001834357516279923,0.0003668715032559846,0.0001834357516279923,0.015408603136751353,0.004677611666513803,0.0032101256534898654,0.009446941208841602
caesar.de_bello_civili.part.2.txt,6398,314,20.356687898089174,0.4745222929936306,6.426470588235294,0.002344482650828384,0.0,0.0006251953735542357,0.08502657080337606,0.0014066895904970304,0.03344795248515161,0.00046889653016567677,0.00718974679587371,0.006095654892153798,0.003907471084713973,0.003751172241325414,0.0,0.0,0.019537355423569866,0.07830572053766802,0.00031259768677711783,0.0010940919037199124,0.0010940919037199124,0.00031259768677711783,0.013441700531416068,0.0029696780243826195,0.0031259768677711786,0.009846827133479213
caesar.de_bello_civili.part.3.txt,15059,632,23.803797468354432,0.5158227848101266,6.426724137931035,0.0017929477388936848,6.640547181087722e-05,0.00026562188724350887,0.0906434690218474,0.004050733780463511,0.03924563384022844,0.00019921641543263165,0.008898333222657547,0.006242114350222459,0.00019921641543263165,0.003652300949598247,0.0,0.0,0.012949067003121057,0.07822564579321337,0.00026562188724350887,0.001527325851650176,0.0003984328308652633,6.640547181087722e-05,0.010824091905172986,0.0034530845341656153,0.002789029816056843,0.01029284813068597
caesar.de_bello_gallico.part.1.txt,8173,316,25.860759493670887,0.6139240506329114,7.087349397590361,0.0014682491129328276,0.0,0.0003670622782332069,0.07647130796525144,0.0026917900403768506,0.047106325706594884,0.0006117704637220115,0.006851829193686529,0.006240058729964517,0.0011011868346996207,0.0058729964517313105,0.0,0.0,0.02226844487948122,0.07904074391288389,0.0001223540927444023,0.0002447081854888046,0.0008564786492108161,0.0002447081854888046,0.021167258044781596,0.007708307842897345,0.005016517802520494,0.00905420286308577
caesar.de_bello_gallico.part.2.txt,4157,139,29.906474820143885,0.6187050359712231,7.722222222222222,0.0028866971373586723,0.0,0.0004811161895597787,0.07890305508780371,0.0048111618955977865,0.037527062785662736,0.0,0.008660091412076016,0.004570603800817898,0.00024055809477988935,0.0036083714216983403,0.0,0.0,0.0180418571084917,0.09285542458503729,0.0004811161895597787,0.00024055809477988935,0.0004811161895597787,0.0,0.01419292759201347,0.0036083714216983403,0.004570603800817898,0.009381765696415684
caesar.de_bello_gallico.part.3.txt,3587,121,29.644628099173552,0.6611570247933884,7.069230769230769,0.0027878449958182324,0.0,0.00027878449958182325,0.0850292723724561,0.005018120992472818,0.03763590744354614,0.00027878449958182325,0.0119877334820184,0.005575689991636465,0.0,0.002509060496236409,0.0,0.0,0.01449679397825481,0.07499303038751046,0.00027878449958182325,0.00027878449958182325,0.0008363534987454698,0.0,0.012266517981600222,0.0036241984945637024,0.002509060496236409,0.007248396989127405
caesar.de_bello_gallico.part.4.txt,4581,163,28.0920245398773,0.6993865030674846,7.594736842105263,0.0015280506439641999,0.0,0.0010914647456887142,0.08120497707924033,0.0034926871862038856,0.044095175725824054,0.0010914647456887142,0.011787819253438114,0.0045841519318926,0.00021829294913774285,0.0028378083387906572,0.0,0.0,0.02051953721894783,0.08644400785854617,0.0004365858982754857,0.00021829294913774285,0.0004365858982754857,0.00021829294913774285,0.018118314778432655,0.005239030779305829,0.003929273084479371,0.006985374372407771
caesar.de_bello_gallico.part.5.txt,7378,299,24.67558528428094,0.4983277591973244,6.907488986784141,0.001626457034426674,0.0,0.0004066142586066685,0.07901870425589591,0.003117375982651125,0.04228788289509352,0.0005421523448088912,0.01002981837896449,0.00433721875847113,0.0006776904310111142,0.0035239902412577935,0.0,0.0,0.01626457034426674,0.08891298454865817,0.0002710761724044456,0.0006776904310111142,0.0004066142586066685,0.0,0.013689346706424506,0.005014909189482245,0.0035239902412577935,0.008538899430740038
caesar.de_bello_gallico.part.6.txt,5470,239,22.87866108786611,0.5104602510460251,6.505434782608695,0.002559414990859232,0.0,0.0005484460694698354,0.08811700182815356,0.002376599634369287,0.04186471663619744,0.00018281535648994517,0.006764168190127971,0.007861060329067643,0.00018281535648994517,0.003473491773308958,0.0,0.0,0.015356489945155392,0.08519195612431445,0.00036563071297989033,0.0005484460694698354,0.00018281535648994517,0.0,0.013893967093235832,0.005118829981718464,0.002742230347349177,0.009323583180987203
caesar.de_bello_gallico.part.7.txt,11477,501,22.90818363273453,0.5508982035928144,7.00498753117207,0.0019168772327263221,0.0,0.00017426156661148382,0.07205715779384857,0.002788185065783741,0.034329528622462316,0.0008713078330574191,0.010194301646771804,0.007841770497516772,0.0008713078330574191,0.005140716215038773,8.713078330574191e-05,0.0,0.014028056112224449,0.07824344340855624,0.00034852313322296765,0.00034852313322296765,0.0006099154831401935,8.713078330574191e-05,0.01132700182974645,0.005314977781650257,0.00226540036594929,0.008451685980656966
caesar.de_bello_gallico.part.8.txt,6478,247,26.22672064777328,0.6032388663967612,6.8063241106719365,0.00030873726458783575,0.0,0.00015436863229391788,0.07178141401667182,0.005711639394874961,0.022229083050324176,0.0004631058968817536,0.012966965112689102,0.007564062982401976,0.0,0.005402902130287126,0.0,0.0,0.01373880827415869,0.06761346094473603,0.0,0.0007718431614695894,0.0004631058968817536,0.00015436863229391788,0.009725223834516827,0.005557270762581044,0.0043223217042297,0.006329113924050633
caesar_augustus.res_gestae_divi_augusti.txt,2613,109,23.972477064220183,0.5871559633027523,8.9,0.0015308075009567547,0.0,0.0,0.0876387294297742,0.0030616150019135095,0.020283199387677,0.0,0.005357826253348641,0.003444316877152698,0.0,0.001148105625717566,0.0,0.0,0.015690776884806735,0.0880214313050134,0.0003827018752391887,0.0,0.0,0.0,0.0003827018752391887,0.0007654037504783774,0.0007654037504783774,0.002296211251435132
celsus.de_medicina.part.1.txt,7555,323,23.390092879256965,0.5696594427244582,5.077441077441078,0.010456651224354732,0.00013236267372600927,0.0006618133686300463,0.12177365982792852,0.0033090668431502318,0.04725347452018531,0.0005294506949040371,0.012971542025148908,0.0074123097286565185,0.0003970880211780278,0.004235605559232297,0.0021178027796161483,0.0,0.005823957643944408,0.06260754467240238,0.0,0.002382528127068167,0.00026472534745201854,0.00013236267372600927,0.004765056254136334,0.019457313037723363,0.0037061548643282593,0.006221045665122435
celsus.de_medicina.part.2.txt,13212,529,24.97353497164461,0.5179584120982986,4.908096280087527,0.004465637299424765,0.0003027550711474417,0.0009839539812291857,0.1405540417801998,0.0015137753557372085,0.0351952770208901,0.00022706630336058128,0.006887677868604299,0.005903723887375113,0.00015137753557372085,0.003330305782621859,0.00045413260672116256,0.0,0.0027247956403269754,0.06395700877989706,0.0,0.003935815924916743,0.0003027550711474417,0.0003027550711474417,0.002270663033605813,0.027702089009990917,0.003330305782621859,0.006660611565243718
celsus.de_medicina.part.3.txt,13332,609,21.88341543513957,0.48440065681444994,4.71571072319202,0.005925592559255926,0.00030003000300030005,0.00015001500150015003,0.12586258625862587,0.00255025502550255,0.04087908790879088,0.0006750675067506751,0.025277527752775277,0.007050705070507051,7.500750075007501e-05,0.004575457545754576,0.000525052505250525,7.500750075007501e-05,0.0035253525352535254,0.059705970597059704,0.0,0.0034503450345034505,0.000375037503750375,0.000225022502250225,0.0031503150315031502,0.02595259525952595,0.003825382538253825,0.0087008700870087
celsus.de_medicina.part.4.txt,10967,511,21.410958904109588,0.4324853228962818,4.826747720364741,0.0027354791647670284,0.00018236527765113522,0.0007294611106045409,0.12619677213458558,0.0021883833318136225,0.03957326525029634,0.0010030090270812437,0.019239536792194766,0.006200419440138598,0.0,0.003738488191848272,0.0005470958329534056,0.0,0.003009027081243731,0.06565149995440868,0.0,0.0024619312482903255,9.118263882556761e-05,9.118263882556761e-05,0.002644296525941461,0.0191483541533692,0.003009027081243731,0.006291602078964165
celsus.de_medicina.part.5.txt,17567,814,21.63144963144963,0.5147420147420148,4.847058823529411,0.0045539932828599075,0.0001138498320714977,0.0003984744122502419,0.11658222804121364,0.0012523481527864746,0.04001821597313144,0.0010246484886434792,0.01428815392497296,0.0072863892525758525,0.0,0.002220071725394205,0.00017077474810724654,0.0,0.0019923720612512095,0.05732339044799909,0.0,0.0041555188706096655,5.692491603574885e-05,0.0002276996641429954,0.0017077474810724654,0.015995901406045426,0.0019923720612512095,0.005123242443217396
celsus.de_medicina.part.6.txt,11363,502,22.653386454183266,0.5119521912350598,5.177650429799427,0.0029921675613834376,8.800492827598346e-05,0.00035201971310393383,0.11185426383877498,0.001936108422071636,0.0484027105517909,0.0006160344979318842,0.025521429200035202,0.00941652732553023,0.0,0.0035201971310393383,0.00035201971310393383,0.0,0.003080172489659421,0.062307489219396286,0.0,0.0037842119158672887,8.800492827598346e-05,0.00035201971310393383,0.0023761330634515534,0.01707295608554079,0.00228812813517557,0.00484027105517909
celsus.de_medicina.part.7.txt,17637,778,22.63496143958869,0.5629820051413882,4.867088607594937,0.0030617451947610136,0.0002834949254408346,0.0002834949254408346,0.11714010319215286,0.001417474627204173,0.04660656574247321,0.00022679594035266768,0.028179395588818962,0.010092419345693712,0.0,0.006066791404433861,0.00022679594035266768,0.0,0.003515337075466349,0.07285819583829449,5.669898508816692e-05,0.003968928956171684,0.00022679594035266768,5.669898508816692e-05,0.00294834722458468,0.020638430572092758,0.001417474627204173,0.011283098032545217
celsus.de_medicina.part.8.txt,11456,466,24.540772532188843,0.5643776824034334,4.740554156171284,0.0025314245810055865,0.00017458100558659218,0.0005237430167597765,0.11504888268156424,0.0014839385474860335,0.0446054469273743,0.0004364525139664804,0.026623603351955308,0.010125698324022346,0.0,0.004539106145251397,8.729050279329609e-05,0.0,0.003753491620111732,0.08065642458100558,0.0,0.0026187150837988825,0.00026187150837988826,8.729050279329609e-05,0.00357891061452514,0.021124301675977654,0.001920391061452514,0.00916550279329609
cicero.academica.txt,4887,166,29.3855421686747,0.6746987951807228,7.196261682242991,0.0063433599345201555,0.0,0.0016369961121342337,0.12543482709228565,0.004297114794352364,0.04992838142009413,0.0008184980560671168,0.012482095355023532,0.005729486392469818,0.002864743196234909,0.007571107018620831,0.0024554941682013503,0.0,0.02332719459791283,0.06977695927972172,0.0,0.0063433599345201555,0.0006138735420503376,0.0,0.005729486392469818,0.009412727644771844,0.0026601186822181296,0.01289134438305709
cicero.brutus.txt,25196,1062,23.629001883239173,0.5282485875706214,6.390779363336993,0.0026194634068899825,0.00015875535799333228,0.0006747102714716621,0.11152563899031592,0.005159549134783299,0.04528496586759803,0.0003968883949833307,0.014049849182409906,0.006151770122241626,0.0043657723448166375,0.006231147801238292,0.0026194634068899825,0.0001190665184949992,0.021154151452611524,0.05993014764248293,3.968883949833307e-05,0.0032147959993649787,0.0002778218764883315,7.937767899666614e-05,0.004207016986823305,0.007818701381171614,0.004405461184314971,0.012144784886489918
cicero.cum_populo_gratias_egit.txt,2639,71,37.140845070422536,0.6197183098591549,6.490384615384615,0.00037893141341417203,0.0,0.0007578628268283441,0.0867752936718454,0.0060629026146267525,0.028419856006062904,0.0011367942402425162,0.015915119363395226,0.0071996968548692685,0.0015157256536566881,0.005683971201212581,0.0,0.0,0.05305039787798409,0.05305039787798409,0.00037893141341417203,0.0007578628268283441,0.0011367942402425162,0.0,0.005305039787798408,0.0060629026146267525,0.011367942402425162,0.007957559681697613
cicero.de_amicitia.txt,9372,415,22.52289156626506,0.5975903614457831,5.705747126436782,0.002560819462227913,0.0002134016218523261,0.0009603072983354673,0.11278275714895433,0.004161331626120359,0.04246692274861289,0.0003201024327784891,0.013017498932991891,0.007042253521126761,0.005014938113529663,0.006615450277422108,0.0020273154075970976,0.00010670081092616304,0.02069995731967563,0.06295347844643619,0.0,0.0037345283824157063,0.0005335040546308152,0.0,0.008642765685019206,0.011310285958173282,0.0043747332479726845,0.01856594110115237
cicero.de_divinatione.txt,27537,1422,19.361462728551338,0.49226441631504925,5.098445595854923,0.0029414968950866108,0.000145259105930203,0.0014889058357845807,0.10785488615317573,0.005519846025347714,0.04241565893161928,0.0004720920942731598,0.008061880379126267,0.0071540109670624975,0.01448959581653775,0.005410901695900062,0.0021062570359879434,0.00032683298834295673,0.016595852852525694,0.05603370011257581,3.631477648255075e-05,0.0030141264480517123,0.00025420343537785523,0.0,0.004285143624940989,0.011076006827177978,0.0018157388241275376,0.01158441369793369
cicero.de_domo_sua.txt,15162,589,25.69949066213922,0.47877758913412566,6.684007707129094,0.0018467220683287165,0.00013190871916633689,0.0007914523149980214,0.08890647671811107,0.004814668249571297,0.04029811370531592,6.595435958316844e-05,0.007584751352064371,0.005869938002901992,0.017675768368289144,0.004550850811238623,0.0038913072154069385,0.0006595435958316845,0.0382535285582377,0.05883128874818626,0.0,0.0006595435958316845,0.00019786307874950534,6.595435958316844e-05,0.00422107901332278,0.011805830365387153,0.007914523149980214,0.008574066745811898
cicero.de_fato.txt,4947,201,24.611940298507463,0.5472636815920398,4.523316062176166,0.006064281382656155,0.0,0.0004042854255104103,0.12027491408934708,0.004447139680614514,0.05761067313523347,0.00020214271275520516,0.004447139680614514,0.007883565797453002,0.006872852233676976,0.003436426116838488,0.0016171417020416413,0.0004042854255104103,0.011117849201536285,0.06367495451788963,0.0,0.0036385688295936932,0.00020214271275520516,0.00020214271275520516,0.0028299979785728724,0.02102284212654134,0.0008085708510208206,0.01637355973317162
cicero.de_finibus_bonorum_et_malorum.part.1.txt,7176,297,24.117845117845118,0.6397306397306397,5.633633633633633,0.002787068004459309,0.00013935340022296544,0.001254180602006689,0.12764771460423635,0.0039018952062430325,0.04431438127090301,0.00013935340022296544,0.016304347826086956,0.006549609810479376,0.00641025641025641,0.008918617614269788,0.0018115942028985507,0.00013935340022296544,0.02201783723522854,0.05811036789297659,0.0,0.0026477146042363435,0.00013935340022296544,0.0004180602006688963,0.006270903010033445,0.013656633221850614,0.0023690078037904125,0.014492753623188406
cicero.de_finibus_bonorum_et_malorum.part.2.txt,12672,712,17.72050561797753,0.476123595505618,5.011070110701107,0.003235479797979798,0.0,0.0008680555555555555,0.10779671717171717,0.003787878787878788,0.04979482323232323,0.0006313131313131314,0.010179924242424242,0.007339015151515152,0.013178661616161616,0.008522727272727272,0.003945707070707071,0.00023674242424242425,0.026120580808080808,0.05295138888888889,0.0,0.0016571969696969697,0.0003156565656565657,7.891414141414142e-05,0.007733585858585859,0.016571969696969696,0.003393308080808081,0.014678030303030304
cicero.de_finibus_bonorum_et_malorum.part.3.txt,7916,330,23.86060606060606,0.6878787878787879,5.110599078341014,0.005305709954522486,0.00012632642748863063,0.0008842849924204143,0.11723092470944922,0.004926730672056594,0.05583628094997473,0.00037897928246589187,0.014780192016169784,0.0064426478019201615,0.00416877210712481,0.00808489135927236,0.0021475492673067205,0.0,0.01869631126831733,0.060257705912076805,0.00012632642748863063,0.00404244567963618,0.00037897928246589187,0.0005053057099545225,0.007074279939363315,0.011243052046488126,0.0018948964123294593,0.018443658413340072
cicero.de_finibus_bonorum_et_malorum.part.4.txt,8569,407,20.963144963144963,0.5749385749385749,4.8710407239819,0.00571828684794025,0.00023339946318123468,0.000700198389543704,0.10619675574746178,0.004784688995215311,0.06243435640098028,0.000350099194771852,0.013420469132920994,0.007118683627027658,0.01015287664838371,0.005484887384759015,0.0039677908740809896,0.00023339946318123468,0.021356050881082972,0.06278445559575213,0.00011669973159061734,0.0030341930213560507,0.00046679892636246936,0.00011669973159061734,0.004784688995215311,0.01272027074337729,0.0025673940949935813,0.015521064301552107
cicero.de_finibus_bonorum_et_malorum.part.5.txt,11094,540,20.475925925925925,0.524074074074074,5.221532091097308,0.004146385433567695,0.0,0.000721110510185686,0.11276365603028664,0.0045069406886605375,0.04885523706508022,0.0006309716964124752,0.01613484766540472,0.005408328826392645,0.009644853073733549,0.009013881377321075,0.0026140255994231117,9.013881377321075e-05,0.026410672435550748,0.06165494862087615,0.0,0.0036055525509284298,0.0015323598341445827,9.013881377321075e-05,0.010636380025238867,0.011357490535424553,0.0026140255994231117,0.018478456823508203
cicero.de_haruspicum_responso.txt,7518,300,25.036666666666665,0.5466666666666666,6.7,0.002128225591912743,0.0,0.00186219739292365,0.08832136206437882,0.002926310188880021,0.05134344240489492,0.0,0.006650704974727321,0.007980845969672785,0.011306198457036445,0.007581803671189146,0.002527267890396382,0.0005320563979781857,0.02859803139132748,0.05998935887204044,0.0,0.0015961691939345571,0.0003990422984836393,0.00013301409949454643,0.005453578079276403,0.008512902367650971,0.007980845969672785,0.008246874168661877
cicero.de_imperio_cn_pompei.txt,6668,239,27.89121338912134,0.5439330543933054,8.205607476635514,0.0026994601079784043,0.0,0.0028494301139772044,0.09133173365326934,0.0032993401319736052,0.04409118176364727,0.00029994001199760045,0.014397120575884824,0.00629874025194961,0.010497900419916016,0.00644871025794841,0.001799640071985603,0.0,0.02504499100179964,0.0667366526694661,0.0,0.0008998200359928015,0.0005998800239952009,0.00029994001199760045,0.004199160167966407,0.004649070185962808,0.008248350329934014,0.010347930413917216
cicero.de_inventione.part.1.txt,15244,646,23.396284829721363,0.6160990712074303,5.1321762349799736,0.0038703752295985304,6.559958016268695e-05,0.0001311991603253739,0.1076489110469693,0.0045263710312254,0.05444765153503017,0.0,0.011611125688795592,0.00518236683285227,0.0025583836263447916,0.00518236683285227,0.00039359748097612176,0.0,0.010167934925216478,0.0739307268433482,0.0,0.004067173970086591,0.0001311991603253739,0.0,0.0038047756494358435,0.017449488323274732,0.004198373130411965,0.010430333245867226
cicero.de_inventione.part.2.txt,17259,656,26.19969512195122,0.6326219512195121,5.047674418604651,0.004287618054348456,0.00011588156903644475,0.0002897039225911119,0.10249724781273538,0.0038240917782026767,0.05614462019815748,0.0002897039225911119,0.013268439654672923,0.004055854916275566,0.001854105104583116,0.007590242771887131,0.0002897039225911119,0.0,0.010545222782316472,0.08407207833594067,0.0,0.004809085115012457,5.7940784518222376e-05,0.00011588156903644475,0.006373486297004461,0.014311373776000927,0.002491453734283562,0.009791992583579582
cicero.de_lege_agraria_contra_rullum.txt,13792,640,21.525,0.509375,6.499054820415879,0.0021751740139211136,7.250580046403712e-05,0.001812645011600928,0.08077146171693736,0.0032627610208816704,0.045968677494199535,0.00014501160092807424,0.007613109048723898,0.006235498839907192,0.010368329466357308,0.0048578886310904875,0.002537703016241299,0.00021751740139211136,0.02921983758700696,0.05713457076566125,0.0,0.0007250580046403712,0.0007250580046403712,7.250580046403712e-05,0.004060324825986079,0.0095707656612529,0.005147911832946636,0.010730858468677494
cicero.de_natura_deorum.part.1.txt,11210,485,23.094845360824742,0.5649484536082474,7.14027149321267,0.004371097234611954,0.0001784121320249777,0.0020517395182872433,0.11552185548617305,0.003389830508474576,0.03942908117752007,0.00026761819803746654,0.006512042818911686,0.008831400535236397,0.010793933987511151,0.005887600356824264,0.0036574487065120427,0.0,0.01935771632471008,0.05477252453166815,0.0,0.0031222123104371097,8.920606601248885e-05,8.920606601248885e-05,0.003389830508474576,0.011418376449598573,0.0022301516503122213,0.011953612845673506
cicero.de_natura_deorum.part.2.txt,15452,561,27.51693404634581,0.6345811051693404,7.825448613376835,0.004853740616101476,0.0,0.0027180947450168263,0.12509707481232202,0.0038829924928811804,0.040641988092156356,0.0005177323323841574,0.010160497023039089,0.006536370696349987,0.002394512037276728,0.006342221071705928,0.0005177323323841574,0.0,0.01171369402019156,0.060704115972042456,6.471654154801968e-05,0.002976960911208905,0.0009060315816722754,6.471654154801968e-05,0.004983173699197515,0.006989386487186125,0.003171110535852964,0.013461040641988092
cicero.de_natura_deorum.part.3.txt,9104,369,24.661246612466126,0.5745257452574526,6.58005249343832,0.0020869947275922673,0.00010984182776801405,0.0003295254833040422,0.11269771528998243,0.0029657293497363795,0.04261862917398945,0.0002196836555360281,0.007688927943760984,0.00812829525483304,0.007469244288224956,0.0041739894551845345,0.0030755711775043936,0.0002196836555360281,0.023396309314586996,0.05195518453427065,0.0,0.0012082601054481546,0.0003295254833040422,0.0,0.0028558875219683658,0.01296133567662566,0.0010984182776801407,0.011423550087873463
cicero.de_officiis.part.1.txt,14486,550,26.336363636363636,0.6690909090909091,5.276747503566334,0.004901283998343228,0.0,0.0013806433798149939,0.12819273781582216,0.0022780615766947398,0.04045285102857932,0.00034516084495374847,0.025541902526577384,0.008076763771917714,0.0009664503658704957,0.005384509181278476,6.903216899074968e-05,0.00013806433798149937,0.0109761148695292,0.06606378572414745,6.903216899074968e-05,0.003106447604583736,0.00020709650697224908,0.00020709650697224908,0.005867734364213724,0.010216761010630954,0.0036587049565097334,0.016981913571724423
cicero.de_officiis.part.2.txt,8605,360,23.9,0.6305555555555555,4.926829268292683,0.004299825682742592,0.0,0.0006972690296339338,0.12016269610691459,0.005461940732132481,0.04450900639163277,0.0003486345148169669,0.018128994770482278,0.006042998256827426,0.0049970947123765255,0.004532248692620569,0.00046484601975595586,0.00023242300987797793,0.01336432306798373,0.06240557815223707,0.0,0.0013945380592678676,0.0005810575246949448,0.00011621150493898897,0.005810575246949448,0.009413131900058106,0.0038349796629866357,0.013131900058105753
cicero.de_officiis.part.3.txt,11147,558,19.976702508960575,0.5627240143369175,4.773897058823529,0.0026913070781376153,0.00017942047187584104,0.0,0.10361532250829819,0.005920875571902754,0.052390777787745584,0.00017942047187584104,0.015250740109446487,0.006369426751592357,0.009868125953171257,0.004844352740647708,0.0014353637750067283,0.00017942047187584104,0.015519870817260249,0.05041715259711133,0.0,0.0019736251906342516,0.00026913070781376156,0.0,0.00861218265004037,0.014174217278191441,0.0025118866062617744,0.012559433031308872
cicero.de_optimo_genere_oratorum.txt,1606,74,21.64864864864865,0.5405405405405406,5.344262295081967,0.00809464508094645,0.0,0.0,0.1307596513075965,0.00560398505603985,0.04420921544209216,0.0006226650062266501,0.0186799501867995,0.0043586550435865505,0.0043586550435865505,0.008717310087173101,0.0006226650062266501,0.0,0.012453300124533,0.06537982565379825,0.0006226650062266501,0.00311332503113325,0.0006226650062266501,0.0,0.0062266500622665,0.016811955168119553,0.00560398505603985,0.01805728518057285
cicero.de_oratore.part.1.txt,18313,410,44.59268292682927,0.7317073170731707,5.7626506024096384,0.0019112106154098181,0.00021842407033255065,0.0026756948615737452,0.11953257248948834,0.0034947851253208104,0.050292142194069786,0.0004368481406651013,0.02075028668159231,0.004641511494566701,0.006443510074810244,0.007317206356140447,0.003221755037405122,0.00010921203516627533,0.027466826844318244,0.06612788729317971,0.0,0.0053513897231474905,0.0005460601758313766,0.00010921203516627533,0.004696117512149839,0.0126139900617048,0.005296783705564353,0.010211325288046743
cicero.de_oratore.part.2.txt,27105,738,36.673441734417345,0.6422764227642277,5.229762878168438,0.004132078952222837,3.689356207341819e-05,0.0014388489208633094,0.11245157719977864,0.004316546762589928,0.05069175428887659,0.0004058291828076001,0.020070097767939495,0.004537908135030438,0.005681608559306401,0.00693598966980262,0.002693230031359528,0.0,0.026932300313595278,0.0638996495111603,3.689356207341819e-05,0.003099059214167128,0.00044272274488101824,3.689356207341819e-05,0.004242759638443091,0.013134108098136876,0.0036524626452684008,0.016823464305478694
cicero.de_oratore.part.3.txt,16821,480,35.0,0.6333333333333333,5.759628154050465,0.005112656798050057,5.9449497651744845e-05,0.0017240354319006004,0.12139587420486297,0.0032102728731942215,0.048570239581475536,0.0005350454788657035,0.017240354319006005,0.0055882527792640154,0.005172106295701802,0.0070150407229058916,0.002318530408418049,0.0004161464835622139,0.021936864633493848,0.06176802806016289,5.9449497651744845e-05,0.004577611319184353,0.00023779799060697938,0.0,0.004993757802746567,0.010165864098448368,0.004339813328577373,0.01694310683074728
cicero.de_partitione_oratoria.txt,9964,446,22.307174887892376,0.5717488789237668,7.032634032634032,0.0047169811320754715,0.0002007226013649137,0.0014050582095543958,0.1421116017663589,0.0037133681252509033,0.03602970694500201,0.00010036130068245685,0.03623042954636692,0.0049177037334403855,0.004315535929345644,0.006122039341629868,0.001304696908871939,0.0,0.007727820152549177,0.0760738659173023,0.0,0.002609393817743878,0.0002007226013649137,0.00010036130068245685,0.003111200321156162,0.014351665997591329,0.002509032517061421,0.015756724207145724
cicero.de_provinciis_consularibus.txt,5125,179,28.60335195530726,0.659217877094972,6.819512195121951,0.002926829268292683,0.0001951219512195122,0.0005853658536585366,0.09346341463414634,0.0031219512195121953,0.047609756097560976,0.0001951219512195122,0.009951219512195122,0.008195121951219513,0.00897560975609756,0.006243902439024391,0.0,0.0,0.03180487804878049,0.056390243902439026,0.0,0.0015609756097560976,0.0005853658536585366,0.0001951219512195122,0.005073170731707317,0.01521951219512195,0.011707317073170732,0.00897560975609756
cicero.de_republica.txt,22261,926,24.025917926565874,0.5172786177105831,5.59010989010989,0.0027402183190332868,0.0001347648353622928,0.0010331970711109115,0.11064192983244239,0.0052558285791294195,0.0454606711288801,0.0001347648353622928,0.010197205875746821,0.005570279861641435,0.006423790485602624,0.006828084991689502,0.0024257670365212705,0.00017968644714972374,0.019855352410044474,0.055702798616414355,0.0,0.002830061542608149,0.0005839809532366022,4.4921611787430936e-05,0.005705044697003728,0.009433538475360496,0.004671847625892817,0.01352140514801671
cicero.de_senectute.txt,8271,384,21.5234375,0.5625,5.757412398921833,0.0019344698343610205,0.0003627130939426913,0.0019344698343610205,0.10760488453633175,0.0060452182323781885,0.035424978841736184,0.0007254261878853826,0.008705114254624592,0.005803409503083061,0.0074960706081489544,0.005319792044492806,0.0018135654697134566,0.0007254261878853826,0.025027203482045703,0.049449885140853585,0.0,0.0018135654697134566,0.0006045218232378189,0.00012090436464756378,0.00640793132632088,0.008584209889977028,0.002780800386893967,0.011727723370813686
cicero.divinatio_in_c_verrem.part.1.txt,4637,151,30.695364238410598,0.609271523178808,6.442424242424242,0.003234850118611171,0.0,0.0023722234203148586,0.08087125296527928,0.005175760189777874,0.05585507871468622,0.00043131334914815614,0.012723743799870606,0.0053914168643519516,0.003234850118611171,0.0038818201423334053,0.009057580332111279,0.00021565667457407807,0.03515203795557473,0.06146215225361225,0.00021565667457407807,0.0010782833728703904,0.00021565667457407807,0.0,0.007547983610092733,0.006901013586370498,0.009920207030407592,0.014233340521889152
cicero.divinatio_in_c_verrem.part.2.txt,15563,726,21.384297520661157,0.4903581267217631,6.042087542087542,0.0029557283300134934,0.00025701985478378205,0.0007068046006554006,0.07202981430315492,0.004112317676540513,0.056223093233952325,0.00025701985478378205,0.007710595643513461,0.005782946732635096,0.011373128574182356,0.005397416950459423,0.011758658356358028,0.0005140397095675641,0.028529203880999807,0.06316262931311444,0.0,0.0007068046006554006,0.0006425496369594551,0.00012850992739189102,0.008031870461993188,0.0093169697359121,0.0070037910428580605,0.009638244554391827
cicero.divinatio_in_c_verrem.part.3.txt,19056,866,21.978060046189377,0.4676674364896074,6.084648493543759,0.0019416456759026029,0.00041981528127623844,0.0008396305625524769,0.0790302267002519,0.004145675902602855,0.06470403022670025,0.00036733837111670864,0.0073467674223341725,0.006244752308984047,0.01112510495382032,0.004932829554995802,0.013801427371956339,0.00020990764063811922,0.026710747271200673,0.06438916876574308,0.0,0.0014693534844668346,0.0008396305625524769,0.00020990764063811922,0.007714105793450882,0.009813182199832075,0.007294290512174643,0.013119227539882452
cicero.divinatio_in_c_verrem.part.4.txt,24868,1336,18.603293413173652,0.3929640718562874,6.219108280254777,0.0022116776580344217,0.00012063696316551391,0.0011661573105999678,0.08191249798938395,0.0045037799581791865,0.05078816149268136,0.00024127392633102783,0.0062731220846067234,0.005468875663503297,0.018377030722213285,0.0045037799581791865,0.008565224384751487,0.00028148624738619915,0.02742480295962683,0.06373652887244652,0.0,0.00048254785266205565,0.0006031848158275696,8.042464211034261e-05,0.006594820653048094,0.010334566511179026,0.007157793147820492,0.010575840437510054
cicero.divinatio_in_c_verrem.part.5.txt,17218,840,20.46904761904762,0.4785714285714286,6.240909090909091,0.0020327564177024045,0.00011615750958299454,0.0009873388314554537,0.0743408061331165,0.003658961551864328,0.06144732256940411,0.00040655128354048087,0.006679056801022186,0.004936694157277268,0.011093042165175978,0.004007434080613312,0.011673829713090951,0.00023231501916598908,0.026309675920548264,0.0660355441979324,5.807875479149727e-05,0.0009873388314554537,0.00040655128354048087,5.807875479149727e-05,0.007550238122894645,0.0063886630270647,0.0069113718201881755,0.012370774770588918
cicero.divinatio_in_c_verrem.part.6.txt,19155,822,23.273722627737225,0.4391727493917275,6.632721202003339,0.0018271991647089533,0.00010441138084051162,0.0017749934742886974,0.08389454450535108,0.00422866092404072,0.053719655442443226,0.00026102845210127906,0.006421299921691465,0.0059514487079091625,0.012059514487079091,0.005116157661185069,0.01007569825110937,0.0006786739754633255,0.028191072826938137,0.0679196032367528,0.0,0.0009919081179848603,0.0011485251892456277,5.220569042025581e-05,0.006421299921691465,0.0075698251109370925,0.006734534064212999,0.010545549464891673
cicero.divinatio_in_q_caecilium.txt,5825,226,25.761061946902654,0.6017699115044248,5.875502008032129,0.0013733905579399143,0.00017167381974248928,0.0008583690987124463,0.08463519313304721,0.0049785407725321884,0.05785407725321889,0.00034334763948497857,0.012532188841201717,0.005321888412017167,0.011330472103004292,0.004120171673819743,0.0020600858369098714,0.0,0.05373390557939914,0.063862660944206,0.0,0.00034334763948497857,0.0006866952789699571,0.0005150214592274678,0.006008583690987125,0.013562231759656653,0.008755364806866953,0.01167381974248927
cicero.epistulae_ad_familiares.part.1.ad_lentulum.txt,7370,206,35.762135922330096,0.7766990291262136,5.884146341463414,0.0014925373134328358,0.000135685210312076,0.000542740841248304,0.09742198100407055,0.003934871099050203,0.03934871099050204,0.0,0.00976933514246947,0.007191316146540027,0.0006784260515603799,0.0047489823609226595,0.0006784260515603799,0.0,0.06635006784260515,0.0689280868385346,0.0,0.002306648575305292,0.00040705563093622793,0.000135685210312076,0.0047489823609226595,0.00909090909090909,0.007055630936227951,0.015332428765264586
cicero.epistulae_ad_familiares.part.10.ad_plancum_et_ceteros.txt,10351,451,22.9490022172949,0.565410199556541,6.196560196560196,0.0010626992561105207,9.660902328277462e-05,0.00048304511641387304,0.09873442179499566,0.002705052651917689,0.030818278427205102,0.0006762631629794222,0.007825330885904744,0.004733842140855956,0.0018355714423727177,0.004637233117573181,0.0009660902328277461,0.00028982706984832384,0.05728915080668535,0.062216210994106846,0.00019321804656554923,0.0007728721862621969,0.00038643609313109847,9.660902328277462e-05,0.004540624094290407,0.013138827166457347,0.007632112839339194,0.012269345956912375
cicero.epistulae_ad_familiares.part.11.at_brutum_et_ceteros.txt,6589,348,18.933908045977013,0.5545977011494253,6.443298969072165,0.0018212171801487327,0.00015176809834572774,0.00015176809834572774,0.08726665654879344,0.005463651540446198,0.032478373045985734,0.0004553042950371832,0.01001669449081803,0.005463651540446198,0.0036424343602974654,0.002580057671877371,0.002731825770223099,0.00015176809834572774,0.0739110638943694,0.06374260130520565,0.0004553042950371832,0.0004553042950371832,0.0009106085900743664,0.0004553042950371832,0.004249506753680376,0.012596752162695402,0.008650781605706481,0.01335559265442404
cicero.epistulae_ad_familiares.part.12.ad_cassium_et_ceteros.txt,8101,406,19.948275862068964,0.5147783251231527,6.783699059561129,0.0014812986051104802,0.00012344155042587335,0.00012344155042587335,0.09900012344155043,0.003209480311072707,0.03456363411924454,0.0012344155042587335,0.007529934575978274,0.004197012714479694,0.00222194790766572,0.0033329218614985803,0.0014812986051104802,0.00037032465127762005,0.0615973336625108,0.06295519071719541,0.0002468831008517467,0.00111097395383286,0.0008640908529811135,0.00037032465127762005,0.0038266880632020737,0.010369090235773362,0.006789285273423034,0.014812986051104801
cicero.epistulae_ad_familiares.part.13.ad_memmium_et_ceteros.txt,11220,441,25.4421768707483,0.562358276643991,6.540415704387991,0.00089126559714795,8.9126559714795e-05,0.00071301247771836,0.10151515151515152,0.0042780748663101605,0.05258467023172905,0.00017825311942959,0.0058823529411764705,0.0032085561497326204,8.9126559714795e-05,0.0066844919786096255,0.0011586452762923352,0.0,0.0786096256684492,0.0661319073083779,0.0,0.00089126559714795,0.00142602495543672,8.9126559714795e-05,0.00516934046345811,0.01229946524064171,0.013725490196078431,0.019875222816399286
cicero.epistulae_ad_familiares.part.14.ad_terentiam_uxorem.txt,2469,162,15.24074074074074,0.42592592592592593,5.65979381443299,0.001215066828675577,0.0,0.0004050222762251924,0.1065208586472256,0.0044552450384771165,0.030376670716889428,0.0,0.0064803564196030785,0.0044552450384771165,0.004860267314702308,0.0028351559335763467,0.0032401782098015392,0.0008100445524503848,0.08829485621709195,0.0477926285945727,0.0,0.0,0.0,0.0004050222762251924,0.002430133657351154,0.023491292021061157,0.012150668286755772,0.017415957877683273
cicero.epistulae_ad_familiares.part.15.ad_senatum_et_ceteros.txt,7134,241,29.601659751037346,0.6348547717842323,6.938566552901024,0.0021026072329688814,0.00014017381553125876,0.0015419119708438463,0.09657975890103729,0.0054667788057190915,0.03476310625175217,0.0,0.007709559854219232,0.004205214465937763,0.0014017381553125877,0.0040650406504065045,0.0008410428931875525,0.00014017381553125876,0.06756377908606673,0.07064760302775441,0.0,0.0008410428931875525,0.0002803476310625175,0.00014017381553125876,0.0028034763106251754,0.010933557611438183,0.009391645640594337,0.015138772077375946
cicero.epistulae_ad_familiares.part.16.ad_tironem.txt,4326,304,14.223684210526315,0.3782894736842105,5.433333333333334,0.0004623208506703652,0.0004623208506703652,0.0,0.1010171058714748,0.003236245954692557,0.028895053166897826,0.001155802126675913,0.0053166897827092,0.006703652334720296,0.0020804438280166435,0.0034674063800277394,0.0018492834026814608,0.0,0.0892279241793805,0.052704576976421634,0.0,0.0002311604253351826,0.001155802126675913,0.0,0.002311604253351826,0.01687471104946833,0.008321775312066574,0.02011095700416089
cicero.epistulae_ad_familiares.part.2.ad_curionem_et_ceteros.txt,5548,255,21.75686274509804,0.5607843137254902,5.341085271317829,0.0014419610670511895,0.0001802451333813987,0.0005407354001441961,0.09354722422494592,0.0037851478010093725,0.03677000720980533,0.0003604902667627974,0.0055875991348233595,0.005767844268204758,0.005046863734679163,0.0055875991348233595,0.001802451333813987,0.0001802451333813987,0.07912761355443403,0.06741167988464311,0.0,0.0010814708002883922,0.0010814708002883922,0.0,0.0019826964671953856,0.012076423936553712,0.007029560201874549,0.015861571737563085
cicero.epistulae_ad_familiares.part.3.ad_claudium_pulchrum.txt,6948,272,25.544117647058822,0.6323529411764706,5.882716049382716,0.0011514104778353484,0.0005757052389176742,0.0007196315486470927,0.08578008059873345,0.006476683937823834,0.035693724812895795,0.0005757052389176742,0.008491652274035694,0.006188831318364997,0.005613126079447323,0.005469199769717904,0.002158894645941278,0.0,0.08506044905008636,0.06922855497985031,0.00014392630972941855,0.0015831894070236039,0.0005757052389176742,0.0004317789291882556,0.002158894645941278,0.013960852043753599,0.008347725964306276,0.015112262521588947
cicero.epistulae_ad_familiares.part.4.ad_sulpicium_et_ceteros.txt,6155,247,24.91902834008097,0.6477732793522267,5.3099041533546325,0.0017871649065800163,0.00016246953696181965,0.00016246953696181965,0.10219333874898456,0.0037367993501218524,0.04467912266450041,0.0,0.008285946385052803,0.007148659626320065,0.0037367993501218524,0.008285946385052803,0.0009748172217709179,0.0,0.06482534524776605,0.05588952071486596,0.00016246953696181965,0.001462225832656377,0.00016246953696181965,0.00016246953696181965,0.002924451665312754,0.012672623883021933,0.007311129163281885,0.012185215272136474
cicero.epistulae_ad_familiares.part.5.ad_metellum_et_ceteros.txt,8364,319,26.21630094043887,0.6520376175548589,5.885941644562334,0.0020325203252032522,0.0,0.0007173601147776184,0.10832137733142037,0.00430416068866571,0.03634624581539933,0.0005978000956480153,0.009923481587757054,0.004901960784313725,0.0034672405547584886,0.005738880918220947,0.0014347202295552368,0.0,0.07711621233859398,0.05894308943089431,0.0,0.0015542802486848398,0.0008369201339072215,0.00011956001912960307,0.0015542802486848398,0.01673840267814443,0.008010521281683405,0.013988522238163558
cicero.epistulae_ad_familiares.part.6.ad_torquatum_et_ceteros.txt,7496,320,23.425,0.628125,6.014970059880239,0.0014674493062966916,0.0,0.001200640341515475,0.10632337246531483,0.004669156883671291,0.04215581643543223,0.00040021344717182497,0.0080042689434365,0.005736392742796158,0.002001067235859125,0.006270010672358591,0.0010672358591248667,0.0,0.06456776947705443,0.053495197438633936,0.0,0.0006670224119530416,0.0016008537886872999,0.00013340448239060833,0.0021344717182497333,0.0144076840981857,0.0061366061899679825,0.012540021344717182
cicero.epistulae_ad_familiares.part.7.ad_marium_et_ceteros.txt,7375,415,17.771084337349397,0.5108433734939759,5.889589905362776,0.002033898305084746,0.00013559322033898305,0.00013559322033898305,0.09803389830508474,0.004067796610169492,0.039050847457627116,0.0005423728813559322,0.005559322033898305,0.005830508474576271,0.0050169491525423725,0.004067796610169492,0.005830508474576271,0.00040677966101694915,0.08583050847457627,0.05247457627118644,0.00013559322033898305,0.0017627118644067796,0.0008135593220338983,0.00040677966101694915,0.0024406779661016948,0.015864406779661017,0.006779661016949152,0.013559322033898305
cicero.epistulae_ad_familiares.part.8.caeli_epistulae_ad_ciceronem.txt,5879,304,19.335526315789473,0.5263157894736842,5.734375,0.002721551284232012,0.0,0.00017009695526450075,0.08062595679537336,0.002891648239496513,0.047627147474060216,0.0010205817315870045,0.007144072121109032,0.005783296478993026,0.0032318421500255145,0.0017009695526450078,0.0025514543289675115,0.0,0.05170947440040823,0.06106480693995577,0.00017009695526450075,0.0008504847763225039,0.0008504847763225039,0.0003401939105290015,0.004932811702670522,0.014798435108011567,0.0034019391052900155,0.012417077734308555
cicero.epistulae_ad_familiares.part.9.ad_varronem_et_ceteros.txt,7832,405,19.31851851851852,0.45925925925925926,5.259136212624584,0.001787538304392237,0.0002553626149131767,0.0005107252298263534,0.10431562819203269,0.004724208375893769,0.043922369765066395,0.0008937691521961185,0.007405515832482125,0.006511746680286006,0.007916241062308479,0.005234933605720122,0.0037027579162410623,0.00038304392236976505,0.07009703779366701,0.05311542390194075,0.00012768130745658836,0.0007660878447395301,0.0006384065372829418,0.0,0.002170582226762002,0.015960163432073543,0.004596527068437181,0.01481103166496425
cicero.in_catilinam.txt,12591,523,24.047801147227535,0.5334608030592735,7.2615384615384615,0.0006353744738305139,7.942180922881423e-05,0.0028591851322373124,0.09363831308077197,0.0029386069414661267,0.045349853069652925,0.0007147962830593281,0.010007147962830594,0.005241839409101739,0.007624493685966166,0.003494559606067826,0.0030974505599237552,0.0007147962830593281,0.041299340798983404,0.058613295210864905,0.0,0.0011119053292033992,0.00015884361845762846,7.942180922881423e-05,0.005956635692161067,0.011039631482805179,0.007227384639822095,0.009610038916686521
cicero.in_l_pisonem.txt,10951,484,22.568181818181817,0.47520661157024796,6.303482587064677,0.001369737923477308,0.0,0.0018263172313030774,0.08145374851611725,0.004565793078257693,0.039813715642407085,0.0003652634462606155,0.0055702675554743855,0.005113688247648617,0.011962377865035156,0.00520500410921377,0.004291845493562232,0.0015523696466076158,0.04775819559857547,0.05077161903022555,9.131586156515387e-05,0.0010957903387818465,0.000730526892521231,0.00018263172313030774,0.004657108939822847,0.008766322710254772,0.008401059263994155,0.009405533741210849
cicero.in_vatinium.txt,4488,144,31.104166666666668,0.5486111111111112,6.381818181818182,0.0015597147950089127,0.0,0.00089126559714795,0.07085561497326204,0.006907308377896613,0.038101604278074866,0.0002228163992869875,0.010249554367201427,0.006238859180035651,0.01804812834224599,0.0035650623885918,0.0011140819964349377,0.0,0.05258467023172905,0.06662210338680927,0.0002228163992869875,0.00089126559714795,0.000445632798573975,0.000445632798573975,0.0033422459893048127,0.006238859180035651,0.010472370766488414,0.010918003565062388
cicero.letters_to_atticus.part.1.txt,9417,534,17.623595505617978,0.46629213483146065,7.225714285714286,0.002123818625889349,0.00021238186258893492,0.0005309546564723373,0.08665179993628544,0.0031857279388340237,0.04491876393755973,0.00042476372517786983,0.008070510778379527,0.00499097377083997,0.002548582351067219,0.003291918870128491,0.0012742911755336094,0.00021238186258893492,0.06413932250185835,0.06551980460868642,0.0,0.002123818625889349,0.0005309546564723373,0.0,0.0031857279388340237,0.007858128915790592,0.004247637251778698,0.01592863969417012
cicero.letters_to_atticus.part.10.txt,7430,568,13.068661971830986,0.3644366197183099,6.068100358422939,0.0014804845222072679,0.00026917900403768504,0.00013458950201884252,0.1053835800807537,0.004979811574697173,0.045491251682368776,0.0018842530282637954,0.007537012113055182,0.00794078061911171,0.006864064602960969,0.006594885598923284,0.003095558546433378,0.0008075370121130552,0.06083445491251682,0.06204576043068641,0.00026917900403768504,0.0006729475100942127,0.0013458950201884253,0.0,0.005652759084791386,0.019246298788694483,0.004441453566621804,0.010767160161507403
cicero.letters_to_atticus.part.11.txt,6940,504,13.765873015873016,0.5059523809523809,6.8408408408408405,0.0024495677233429395,0.0,0.00014409221902017292,0.08962536023054755,0.0018731988472622477,0.05302593659942363,0.0004322766570605187,0.006772334293948127,0.006772334293948127,0.0030259365994236313,0.00547550432276657,0.003314121037463977,0.00028818443804034583,0.06253602305475504,0.06988472622478387,0.00014409221902017292,0.0011527377521613833,0.0010086455331412103,0.0005763688760806917,0.004755043227665706,0.016426512968299712,0.0038904899135446687,0.016138328530259365
cicero.letters_to_atticus.part.12.txt,8910,748,11.909090909090908,0.37967914438502676,5.693181818181818,0.0019079685746352412,0.0003367003367003367,0.0,0.11200897867564534,0.0028058361391694723,0.04107744107744108,0.0008978675645342312,0.008866442199775533,0.006285072951739619,0.006397306397306397,0.006172839506172839,0.003703703703703704,0.0005611672278338945,0.06610549943883277,0.0632996632996633,0.0,0.0015712682379349046,0.0005611672278338945,0.0,0.0015712682379349046,0.020987654320987655,0.0015712682379349046,0.016722783389450057
cicero.letters_to_atticus.part.13.txt,9142,853,10.713950762016413,0.2895662368112544,6.039007092198582,0.0016407788230146576,0.00032815576460293154,0.0,0.10697877926055567,0.002297090352220521,0.04747320061255743,0.0002187705097352877,0.006234959527455699,0.00711004156639685,0.00886020564427915,0.004484795449573397,0.004375410194705754,0.0010938525486764385,0.063880988842704,0.06825639903740975,0.00010938525486764385,0.0016407788230146576,0.0005469262743382192,0.00010938525486764385,0.004484795449573397,0.017282870269087727,0.002078319842485233,0.015095165171734851
cicero.letters_to_atticus.part.14.txt,6805,573,11.8760907504363,0.33158813263525305,6.299559471365638,0.0010286554004408524,0.000440852314474651,0.00029390154298310065,0.08919911829537105,0.0032329169728141072,0.04085231447465099,0.00014695077149155033,0.005437178545187362,0.0055841293166789124,0.007788390889052168,0.00455547391623806,0.00426157237325496,0.001763409257898604,0.06436443791329904,0.06509919177075679,0.00014695077149155033,0.000440852314474651,0.0011756061719324026,0.0,0.004849375459221161,0.009551800146950772,0.0033798677443056574,0.014107274063188832
cicero.letters_to_atticus.part.15.txt,6570,612,10.72549019607843,0.3022875816993464,6.570093457943925,0.00228310502283105,0.00030441400304414006,0.0,0.09528158295281583,0.0030441400304414,0.04398782343987823,0.00045662100456621003,0.007001522070015221,0.005936073059360731,0.0106544901065449,0.00289193302891933,0.0025875190258751904,0.0013698630136986301,0.06834094368340944,0.06971080669710807,0.00015220700152207003,0.00045662100456621003,0.00076103500761035,0.0,0.0065449010654490105,0.0121765601217656,0.0033485540334855404,0.01643835616438356
cicero.letters_to_atticus.part.16.txt,6785,578,11.737024221453288,0.3356401384083045,6.468354430379747,0.0026529108327192335,0.00014738393515106854,0.00014738393515106854,0.1016949152542373,0.005158437730287398,0.043625644804716285,0.0005895357406042742,0.004863669859985262,0.004716285924834193,0.00707442888725129,0.00397936624907885,0.0030950626381724394,0.0010316875460574797,0.06249078850405306,0.062196020633750924,0.00014738393515106854,0.0010316875460574797,0.0016212232866617538,0.0,0.003831982313927782,0.012232866617538689,0.003831982313927782,0.01724392041267502
cicero.letters_to_atticus.part.2.txt,8750,594,14.718855218855218,0.3686868686868687,6.033333333333333,0.0017142857142857142,0.00045714285714285713,0.00022857142857142857,0.08628571428571429,0.0033142857142857145,0.04525714285714286,0.00045714285714285713,0.005142857142857143,0.004228571428571429,0.0070857142857142855,0.004114285714285714,0.0033142857142857145,0.0005714285714285715,0.0592,0.06068571428571429,0.0,0.0009142857142857143,0.0006857142857142857,0.00045714285714285713,0.0064,0.0136,0.0017142857142857142,0.016685714285714286
cicero.letters_to_atticus.part.3.txt,5363,292,18.366438356164384,0.5171232876712328,6.942477876106195,0.002237553608055193,0.00037292560134253216,0.0,0.09826589595375723,0.002424016408726459,0.033936229722170426,0.00018646280067126608,0.007644974827521909,0.006526198023494313,0.004848032817452918,0.004848032817452918,0.002610479209397725,0.0,0.0747715830691777,0.06171918702218907,0.0,0.00037292560134253216,0.0,0.00018646280067126608,0.001864628006712661,0.018646280067126608,0.004848032817452918,0.018459817266455344
cicero.letters_to_atticus.part.4.txt,7165,550,13.025454545454545,0.3381818181818182,6.679012345679013,0.001674808094905792,0.00013956734124214934,0.0,0.08094905792044661,0.003349616189811584,0.03893928820655967,0.0002791346824842987,0.006140963014654571,0.005163991625959525,0.006001395673412422,0.004466154919748779,0.00209351011863224,0.0009769713886950454,0.05736217725052338,0.06657362177250524,0.0,0.0011165387299371947,0.0005582693649685974,0.0,0.005024424284717376,0.011723656664340545,0.003907885554780182,0.013956734124214934
cicero.letters_to_atticus.part.5.txt,7250,564,12.847517730496454,0.35638297872340424,6.526970954356846,0.001793103448275862,0.0005517241379310345,0.00013793103448275863,0.08262068965517241,0.004137931034482759,0.037655172413793105,0.001103448275862069,0.004827586206896552,0.007586206896551724,0.004137931034482759,0.004689655172413793,0.0005517241379310345,0.00041379310344827585,0.05931034482758621,0.068,0.00013793103448275863,0.000689655172413793,0.0005517241379310345,0.0,0.004275862068965517,0.012551724137931035,0.0037241379310344828,0.01572413793103448
cicero.letters_to_atticus.part.6.txt,6637,517,12.818181818181818,0.3152804642166344,6.376237623762377,0.0013560343528702728,0.0,0.0,0.08543016423082718,0.003917432574958565,0.04128371252071719,0.0007533524182612626,0.005725478378785596,0.0040681030586108185,0.009341569986439657,0.003766762091306313,0.0021093867711315353,0.00030134096730450503,0.059665511526292,0.06554166038872984,0.0,0.0012053638692180201,0.00030134096730450503,0.0,0.003766762091306313,0.01009492240470092,0.003917432574958565,0.012354979659484707
cicero.letters_to_atticus.part.7.txt,9139,677,13.485967503692763,0.3500738552437223,6.750809061488673,0.001641317430791115,0.000218842324105482,0.0,0.09410219936535726,0.003939161833898676,0.04716052084473137,0.000875369296421928,0.007440639019586388,0.007112375533428165,0.008972535288324762,0.006237006237006237,0.002626107889265784,0.000984790458474669,0.05153736732684101,0.06816938395885765,0.0,0.000765948134369187,0.000984790458474669,0.000328263486158223,0.003501477185687712,0.013787066418645366,0.004814531130320604,0.013349381770434402
cicero.letters_to_atticus.part.8.txt,7819,464,16.838362068965516,0.47629310344827586,6.972136222910216,0.001918403887965213,0.0003836807775930426,0.0001278935925310142,0.08939762117917892,0.005755211663895639,0.04629748049622714,0.000639467962655071,0.009336232254764036,0.006522573219081724,0.006522573219081724,0.004987850108709554,0.0016626167029031844,0.0003836807775930426,0.060749456452231745,0.06330732830285203,0.0001278935925310142,0.0008952551477170994,0.0015347231103721704,0.0002557871850620284,0.003453126998337383,0.013045146438163449,0.003836807775930426,0.014068295178411561
cicero.letters_to_atticus.part.9.txt,9263,642,14.425233644859814,0.37227414330218067,6.603174603174603,0.001727302169923351,0.0,0.0,0.09349022994710138,0.0031307351829860737,0.051819065097700526,0.0005397819281010472,0.004858037352909425,0.006585339522832775,0.007448990607794451,0.004965993738529634,0.00194321494116377,0.0005397819281010472,0.05743279714995142,0.055813451365648276,0.0,0.0016193457843031414,0.0012954766274425131,0.0,0.004534168196048796,0.01155133326136241,0.003994386267947749,0.01500593760120911
cicero.letters_to_brutus.txt,9560,486,19.641975308641975,0.5246913580246914,7.940860215053763,0.002301255230125523,0.00010460251046025104,0.0005230125523012552,0.09905857740585775,0.0033472803347280333,0.038493723849372385,0.0009414225941422594,0.009623430962343096,0.006276150627615063,0.00020920502092050208,0.004811715481171548,0.0015690376569037657,0.0,0.05083682008368201,0.06433054393305439,0.0,0.0011506276150627616,0.0009414225941422594,0.00031380753138075313,0.0039748953974895395,0.013598326359832637,0.005125523012552301,0.011820083682008369
cicero.letters_to_quintus.txt,18513,960,19.277083333333334,0.46145833333333336,7.303724928366762,0.0014584346135148275,0.00010803219359369092,5.401609679684546e-05,0.09252957381299627,0.004213255550153946,0.04207853940474261,0.0005941770647653001,0.007994382325933127,0.0057797223572624646,0.0038351428725760276,0.005023497002106627,0.0023226921622643546,0.00032409658078107277,0.05914762599254578,0.06492734834980825,5.401609679684546e-05,0.0015124507103116728,0.0003781126775779182,0.00016204829039053638,0.005455625776481392,0.009776913520229028,0.005995786744449846,0.014098201263976665
cicero.lucullus.txt,18034,777,23.153153153153152,0.5804375804375804,7.473333333333334,0.003604302983253854,5.5450815126982364e-05,0.0004990573361428413,0.11106798269934567,0.004824220916047466,0.05594987246312521,0.0004990573361428413,0.008151269823666409,0.008483974714428301,0.009038482865698126,0.0068759010757458135,0.003604302983253854,0.00011090163025396473,0.02595098147942775,0.04924032383276034,0.0001663524453809471,0.0023289342353332593,0.0005545081512698237,5.5450815126982364e-05,0.0064322945547299545,0.013640900521237662,0.00304979483198403,0.01452811356326938
cicero.orator.txt,18635,731,25.38166894664843,0.6142270861833106,6.172823218997362,0.005580896163133888,5.366246310705661e-05,0.0009122618728199624,0.13211698416957338,0.004132009659243359,0.04362758250603703,0.0004292997048564529,0.0158304266165817,0.0074590823718808695,0.004507646900992756,0.00649315803595385,0.0008585994097129058,0.00026831231553528306,0.013683928092299437,0.05988730882747518,0.0,0.004239334585457472,0.0005902870941776227,0.0,0.0032197477864233967,0.011269117252481888,0.004024684733029246,0.015454789374832304
cicero.paradoxa_stoicorum_ad_m_brutum.txt,4679,240,19.470833333333335,0.4,5.00990099009901,0.0023509296858303056,0.00021372088053002778,0.0014960461637101945,0.10301346441547339,0.0023509296858303056,0.038042316734344946,0.0006411626415900834,0.01260953195127164,0.006411626415900834,0.02222697157512289,0.005343022013250694,0.004701859371660611,0.00021372088053002778,0.02799743534943364,0.045736268433425945,0.0,0.0006411626415900834,0.00021372088053002778,0.0,0.00577046377431075,0.015387903398162001,0.004915580252190639,0.009831160504381278
cicero.philippicae.part.1.txt,3728,215,17.24186046511628,0.5116279069767442,6.290123456790123,0.001609442060085837,0.000536480686695279,0.0,0.08127682403433477,0.0024141630901287556,0.04855150214592275,0.0002682403433476395,0.007778969957081545,0.006706008583690987,0.017435622317596565,0.005633047210300429,0.004291845493562232,0.000536480686695279,0.0305793991416309,0.06035407725321888,0.0002682403433476395,0.002682403433476395,0.0002682403433476395,0.0002682403433476395,0.004291845493562232,0.009388412017167383,0.005901287553648069,0.013948497854077254
cicero.philippicae.part.10.txt,2747,136,20.139705882352942,0.5882352941176471,6.168,0.0010921004732435385,0.00036403349108117945,0.0014561339643247178,0.08955223880597014,0.004004368401892974,0.045140152894066254,0.0,0.01383327266108482,0.007644703312704768,0.011649071714597743,0.006188569348380051,0.0018201674554058974,0.00036403349108117945,0.019657808518383692,0.05642519111758282,0.0,0.0010921004732435385,0.00036403349108117945,0.00036403349108117945,0.005460502366217692,0.009464870768110666,0.009100837277029487,0.009100837277029487
cicero.philippicae.part.11.txt,4135,234,17.61111111111111,0.4700854700854701,5.932515337423313,0.002660217654171705,0.0,0.002176541717049577,0.09262394195888754,0.0048367593712212815,0.04232164449818621,0.0002418379685610641,0.013301088270858524,0.006287787182587666,0.01426844014510278,0.003385731559854897,0.0014510278113663846,0.0004836759371221282,0.020314389359129385,0.056831922611850064,0.0002418379685610641,0.0,0.0002418379685610641,0.0,0.006771463119709794,0.012333736396614269,0.010399032648125755,0.009189842805320435
cicero.philippicae.part.12.txt,3156,205,15.346341463414634,0.3121951219512195,6.448275862068965,0.0019011406844106464,0.0003168567807351077,0.0012674271229404308,0.0903041825095057,0.005386565272496832,0.039923954372623575,0.0003168567807351077,0.011089987325728771,0.007287705956907478,0.025348542458808618,0.0028517110266159697,0.0009505703422053232,0.0,0.03643852978453739,0.05544993662864385,0.0,0.0,0.0,0.0,0.005069708491761723,0.014575411913814956,0.008238276299112801,0.010773130544993664
cicero.philippicae.part.13.txt,5258,338,15.479289940828401,0.40532544378698226,6.010752688172043,0.002282236591860023,0.0,0.0007607455306200076,0.09471281856219095,0.003423354887790034,0.043933054393305436,0.0005705591479650057,0.00703689615823507,0.00703689615823507,0.016546215290985166,0.006276150627615063,0.0013313046785850132,0.001711677443895017,0.026816279954355267,0.045834918219855456,0.0,0.0007607455306200076,0.0007607455306200076,0.0,0.005515405096995055,0.015405096995055155,0.010840623811335109,0.007607455306200076
cicero.philippicae.part.14.txt,3388,149,22.697986577181208,0.5167785234899329,7.040650406504065,0.0017709563164108619,0.00029515938606847696,0.0014757969303423849,0.08441558441558442,0.004427390791027155,0.046635182998819365,0.00029515938606847696,0.00974025974025974,0.007378984651711925,0.00974025974025974,0.006493506493506494,0.002066115702479339,0.0005903187721369539,0.02036599763872491,0.05608028335301062,0.0,0.0008854781582054309,0.0,0.00029515938606847696,0.0035419126328217238,0.00885478158205431,0.011806375442739079,0.00974025974025974
cicero.philippicae.part.2.txt,11426,761,14.95532194480946,0.3955321944809461,5.961722488038277,0.00218799229826711,0.0,0.00035007876772273763,0.0780675652021705,0.00437598459653422,0.04157185366707509,0.0007001575354454753,0.006126378435147908,0.006126378435147908,0.01969193068440399,0.004463504288464905,0.004025905828811483,0.0014003150708909505,0.04831086994573779,0.05820059513390513,0.00035007876772273763,0.000875196919306844,0.00026255907579205323,0.0,0.005338701207771749,0.010064764572028706,0.007264134430246805,0.010414843339751444
cicero.philippicae.part.3.txt,3776,206,18.276699029126213,0.3883495145631068,6.517543859649122,0.0013241525423728813,0.0,0.001059322033898305,0.09957627118644068,0.00423728813559322,0.043167372881355935,0.00026483050847457627,0.010858050847457628,0.005561440677966102,0.015360169491525424,0.003972457627118644,0.0,0.0013241525423728813,0.01986228813559322,0.05031779661016949,0.0,0.0015889830508474577,0.0005296610169491525,0.0,0.005561440677966102,0.007944915254237288,0.009269067796610169,0.008209745762711865
cicero.philippicae.part.4.txt,1363,74,18.405405405405407,0.5540540540540541,6.0,0.001467351430667645,0.0,0.001467351430667645,0.09611151870873075,0.001467351430667645,0.04181951577402788,0.0007336757153338225,0.009537784299339692,0.0022010271460014674,0.013939838591342627,0.004402054292002935,0.0007336757153338225,0.0007336757153338225,0.027879677182685254,0.041085840058694055,0.0007336757153338225,0.0,0.0,0.0,0.00586940572267058,0.011005135730007337,0.013206162876008804,0.010271460014673514
cicero.philippicae.part.5.txt,5120,277,18.458483754512635,0.4657039711191336,5.887096774193548,0.0015625,0.0,0.001171875,0.084765625,0.003515625,0.04609375,0.0005859375,0.013671875,0.0064453125,0.0162109375,0.0041015625,0.00078125,0.0005859375,0.014453125,0.05234375,0.0001953125,0.0009765625,0.0,0.0,0.0056640625,0.0099609375,0.00703125,0.009375
cicero.philippicae.part.6.txt,1782,123,14.479674796747968,0.4065040650406504,5.056338028169014,0.0016835016835016834,0.0,0.0005611672278338945,0.07687991021324354,0.003367003367003367,0.04152637485970819,0.0005611672278338945,0.011784511784511785,0.006172839506172839,0.02244668911335578,0.0016835016835016834,0.003367003367003367,0.0016835016835016834,0.026936026936026935,0.05667789001122334,0.0,0.0005611672278338945,0.0,0.0,0.004489337822671156,0.010662177328843996,0.006734006734006734,0.013468013468013467
cicero.philippicae.part.7.txt,2220,134,16.470149253731343,0.3805970149253731,6.177215189873418,0.0022522522522522522,0.0,0.0009009009009009009,0.08018018018018018,0.004954954954954955,0.045495495495495496,0.00045045045045045046,0.010810810810810811,0.007207207207207207,0.023423423423423424,0.003153153153153153,0.00045045045045045046,0.0,0.023423423423423424,0.04594594594594595,0.0009009009009009009,0.00045045045045045046,0.00045045045045045046,0.0,0.002702702702702703,0.010810810810810811,0.007207207207207207,0.01036036036036036
cicero.philippicae.part.8.txt,3004,207,14.458937198067632,0.3671497584541063,5.22,0.0019973368841544607,0.00033288948069241014,0.0006657789613848203,0.085219707057257,0.005992010652463382,0.041278295605858856,0.00033288948069241014,0.007656458055925432,0.007656458055925432,0.019307589880159785,0.0019973368841544607,0.00033288948069241014,0.00033288948069241014,0.035286284953395475,0.05059920106524634,0.0,0.0019973368841544607,0.0006657789613848203,0.0,0.007656458055925432,0.010319573901464714,0.003328894806924101,0.010652463382157125
cicero.philippicae.part.9.txt,1647,65,25.276923076923076,0.7538461538461538,6.75,0.0018214936247723133,0.0,0.0012143290831815423,0.09107468123861566,0.006071645415907711,0.04735883424408015,0.0,0.015786278081360048,0.0,0.0024286581663630845,0.007285974499089253,0.0006071645415907711,0.0,0.01639344262295082,0.05525197328476017,0.0,0.0012143290831815423,0.0018214936247723133,0.0006071645415907711,0.006071645415907711,0.012143290831815421,0.004857316332726169,0.012143290831815421
cicero.post_reditum_in_senatu.txt,4342,132,32.86363636363637,0.6136363636363636,6.903614457831325,0.002533394748963611,0.0,0.0009212344541685859,0.08912943344081069,0.006909258406264394,0.02694610778443114,0.00046061722708429296,0.00852141870105942,0.010824504836480885,0.008291110087517274,0.0052970981114693685,0.0009212344541685859,0.0,0.04444956241363427,0.056425610317825885,0.0,0.0006909258406264394,0.0,0.00023030861354214648,0.004375863657300783,0.009672961768770152,0.009212344541685858,0.009442653155228006
cicero.pro_a_caecina.txt,10399,454,22.86784140969163,0.5352422907488987,6.287469287469287,0.0021155880373112798,0.00019232618521011636,0.0004808154630252909,0.09722088662371382,0.005481296278488316,0.05413982113664775,0.00019232618521011636,0.00634676411193384,0.007308395037984422,0.013270506779498028,0.005192807000673142,0.00317338205596692,9.616309260505818e-05,0.02961823252235792,0.06240984710068276,0.0,0.0004808154630252909,0.0008654678334455236,0.0,0.005577459371093375,0.02009808635445716,0.002692566592941629,0.009904798538320993
cicero.pro_a_cluentio.txt,20820,968,21.462809917355372,0.5010330578512396,7.25390625,0.0024495677233429395,0.00019212295869356388,0.0011527377521613833,0.08025936599423632,0.004322766570605188,0.06023054755043228,0.0003362151777137368,0.008021133525456293,0.006820365033621518,0.009606147934678195,0.00643611911623439,0.001440922190201729,0.00024015369836695484,0.021229586935638808,0.06388088376560999,0.0,0.0020172910662824206,0.00038424591738712776,9.606147934678194e-05,0.007300672430355428,0.009077809798270893,0.006243996157540826,0.010999039385206532
cicero.pro_archia.txt,3121,116,26.879310344827587,0.6379310344827587,8.087719298245615,0.0028836911246395386,0.0,0.003844921499519385,0.10669657161166293,0.0067286126241589235,0.05286767061839154,0.0,0.010573534123678308,0.006408202499198975,0.008651073373918615,0.006408202499198975,0.0003204101249599487,0.0003204101249599487,0.03011855174623518,0.06536366549182954,0.0,0.003524511374559436,0.0,0.0,0.006408202499198975,0.010893944248638257,0.01025312399871836,0.006087792374239026
cicero.pro_balbo.txt,6789,253,26.818181818181817,0.5652173913043478,6.476190476190476,0.0014729709824716454,0.0,0.0020621593754603035,0.09456473707467963,0.004418912947414936,0.04477831786713802,0.0,0.008395934600088379,0.005155398438650758,0.011783767859773163,0.0057445868316394165,0.0013256738842244808,0.0008837825894829872,0.019295919870378552,0.06098099867432612,0.00014729709824716454,0.0020621593754603035,0.0010310796877301518,0.0004418912947414936,0.004860804242156429,0.015024304021210782,0.010163499779054353,0.010752688172043012
cicero.pro_c_rabirio_perduellionis_reo.txt,3548,136,26.080882352941178,0.5220588235294118,6.65,0.0008455467869222097,0.0,0.0014092446448703494,0.09131905298759865,0.0036640360766629085,0.03974069898534385,0.0,0.009301014656144307,0.004227733934611048,0.013528748590755355,0.003945885005636978,0.0033821871476888386,0.0,0.0318489289740699,0.06510710259301014,0.0,0.0002818489289740699,0.0014092446448703494,0.0,0.002818489289740699,0.011837655016910935,0.007609921082299887,0.005636978579481398
cicero.pro_c_rabirio_postumo.txt,4077,230,17.704347826086956,0.43478260869565216,5.904761904761905,0.0014716703458425313,0.0,0.0009811135638950208,0.10031886190826589,0.0029433406916850625,0.057640421878832476,0.0004905567819475104,0.008094186902133923,0.005886681383370125,0.01226391954868776,0.005396124601422614,0.002207505518763797,0.0004905567819475104,0.028942850134903116,0.05052734854059358,0.0,0.0007358351729212656,0.0002452783909737552,0.0002452783909737552,0.00613195977434388,0.015943095413294087,0.00564140299239637,0.01128280598479274
cicero.pro_fonteio.txt,4544,183,24.797814207650273,0.5300546448087432,6.769662921348314,0.0015404929577464788,0.0,0.00022007042253521127,0.09264964788732394,0.0035211267605633804,0.042473591549295774,0.00022007042253521127,0.012984154929577465,0.0077024647887323945,0.013644366197183098,0.005501760563380281,0.0037411971830985913,0.00022007042253521127,0.018265845070422535,0.06404049295774648,0.0,0.00044014084507042255,0.0006602112676056338,0.0,0.0037411971830985913,0.009463028169014084,0.01034330985915493,0.009683098591549295
cicero.pro_l_flacco.txt,10909,652,16.725460122699385,0.40797546012269936,5.900990099009901,0.0019250160418003484,9.166743056192135e-05,0.0011916765973049776,0.08231735264460537,0.004675038958657989,0.04235035291960766,9.166743056192135e-05,0.008983408195068291,0.004950041250343753,0.01622513520946008,0.0053167109725914385,0.004858373819781832,0.0008250068750572921,0.02997524979374828,0.05912549271243927,0.0001833348611238427,0.0008250068750572921,0.000275002291685764,0.0,0.006875057292144101,0.011733431111925933,0.00889174076450637,0.007883399028325236
cicero.pro_ligario.txt,3295,189,17.386243386243386,0.47619047619047616,5.984126984126984,0.005462822458270106,0.00030349013657056146,0.00030349013657056146,0.08588770864946889,0.006373292867981791,0.049165402124430956,0.00030349013657056146,0.004855842185128983,0.008801213960546282,0.014871016691957511,0.006069802731411229,0.0030349013657056147,0.00030349013657056146,0.048558421851289835,0.06585735963581184,0.0,0.0021244309559939304,0.0009104704097116844,0.0,0.005462822458270106,0.013960546282245826,0.006676783004552352,0.012139605462822459
cicero.pro_m_caelio.txt,8508,407,20.835380835380835,0.4864864864864865,6.9183006535947715,0.0027033380347907853,0.00011753643629525152,0.0012929007992477667,0.09779031499764927,0.004231311706629055,0.04854254818993888,0.00023507287259050304,0.00846262341325811,0.006699576868829337,0.011871180065820405,0.0061118946873530795,0.005876821814762577,0.0005876821814762576,0.030324400564174896,0.059708509637987774,0.00011753643629525152,0.0021156558533145277,0.0004701457451810061,0.0,0.007169722614010343,0.014456981664315938,0.008227550540667606,0.008815232722143865
cicero.pro_marcello.txt,2770,114,24.280701754385966,0.5614035087719298,6.8316831683168315,0.002888086642599278,0.0,0.0010830324909747292,0.11516245487364621,0.006498194945848376,0.03537906137184116,0.00036101083032490973,0.010469314079422382,0.006137184115523465,0.004332129963898917,0.006137184115523465,0.003249097472924188,0.0,0.03032490974729242,0.04693140794223827,0.0,0.002888086642599278,0.0010830324909747292,0.0,0.002527075812274368,0.008303249097472924,0.005415162454873646,0.011191335740072202
cicero.pro_milone.txt,10549,479,21.943632567849686,0.4822546972860125,6.326315789473684,0.000853161437103043,9.479571523367143e-05,0.0005687742914020287,0.08806521945208076,0.004265807185515215,0.05223243909375296,0.0004739785761683572,0.010048345814769172,0.0049293771921509145,0.01440894871551806,0.006920087212058015,0.0006635700066357001,0.0006635700066357001,0.030050241729073845,0.057161816285903874,9.479571523367143e-05,0.0004739785761683572,0.0007583657218693715,0.0,0.007488861503460044,0.015546497298322116,0.0092899800928998,0.010806711536638544
cicero.pro_murena.txt,10572,497,21.243460764587525,0.4507042253521127,6.89766081871345,0.001513431706394249,0.00018917896329928113,0.0013242527430949679,0.09345440786984488,0.0027430949678395765,0.041713961407491486,0.00037835792659856227,0.012580401059402195,0.00681044267877412,0.008607642830117291,0.006242905788876277,0.003972758229284903,0.0,0.033390087022323114,0.05911842603102535,0.0,0.0007567158531971245,0.00018917896329928113,0.0,0.00340522133938706,0.012202043132803632,0.009364358683314415,0.009931895573212259
cicero.pro_plancio.txt,11628,505,22.940594059405942,0.5544554455445545,6.370143149284254,0.002235982112143103,8.599931200550395e-05,0.0010319917440660474,0.09657722738218094,0.0035259717922256624,0.048761609907120744,8.599931200550395e-05,0.008513931888544891,0.007309941520467836,0.011179910560715513,0.004815961472308222,0.0025799793601651187,0.0007739938080495357,0.05134158926728586,0.05555555555555555,0.0,0.0009459924320605435,0.0009459924320605435,0.0001719986240110079,0.003869969040247678,0.013329893360853114,0.007653938768489852,0.010061919504643963
cicero.pro_publio_quinctio.txt,8656,459,18.836601307189543,0.4400871459694989,6.061919504643963,0.0011552680221811461,0.0003465804066543438,0.0008086876155268023,0.0752079482439926,0.005198706099815157,0.04771256931608133,0.0008086876155268023,0.006238447319778189,0.006353974121996303,0.014671903881700555,0.006353974121996303,0.004852125693160813,0.0004621072088724584,0.03234750462107209,0.05834103512014788,0.0,0.0002310536044362292,0.0005776340110905731,0.0002310536044362292,0.006816081330868762,0.01432532347504621,0.004274491682070241,0.012707948243992606
cicero.pro_q_roscio_comoedo.txt,4770,391,12.176470588235293,0.2710997442455243,5.822485207100592,0.0016771488469601676,0.00020964360587002095,0.0,0.0790356394129979,0.0025157232704402514,0.04507337526205451,0.0,0.0031446540880503146,0.0035639412997903563,0.03249475890985325,0.0027253668763102725,0.0006289308176100629,0.00020964360587002095,0.03333333333333333,0.0639412997903564,0.0,0.00020964360587002095,0.0004192872117400419,0.0004192872117400419,0.008385744234800839,0.014465408805031447,0.007547169811320755,0.006918238993710692
cicero.pro_rege_deiotaro.txt,3911,193,20.2279792746114,0.48704663212435234,7.092198581560283,0.00025568908207619537,0.00025568908207619537,0.0010227563283047815,0.0882127333162874,0.005880848887752493,0.04602403477371516,0.0005113781641523907,0.005113781641523907,0.005369470723600102,0.01150600869342879,0.004602403477371516,0.0025568908207619537,0.0005113781641523907,0.04167732037841984,0.06903605216057275,0.00025568908207619537,0.000767067246228586,0.0005113781641523907,0.00025568908207619537,0.008437739708514446,0.007414983380209665,0.008182050626438252,0.008182050626438252
cicero.pro_s_roscio.txt,13278,657,20.165905631659058,0.5068493150684932,7.256029684601113,0.0024853140533212833,7.531254707034192e-05,0.0014309383943364965,0.08826630516644073,0.003765627353517096,0.05851784907365567,0.0007531254707034192,0.005045940653712909,0.005799066124416327,0.014083446302153938,0.0063262539539087215,0.004518752824220515,0.00045187528242205153,0.02666064166290104,0.06017472510920319,0.0,0.00022593764121102577,0.0003012501882813677,0.00022593764121102577,0.005648441030275644,0.01453532158457599,0.006928754330471456,0.01370688356680223
cicero.pro_scauro.txt,2980,168,17.69047619047619,0.4583333333333333,6.151785714285714,0.002348993288590604,0.0003355704697986577,0.0013422818791946308,0.10201342281879194,0.004026845637583893,0.04563758389261745,0.0003355704697986577,0.009395973154362415,0.005369127516778523,0.014429530201342283,0.010738255033557046,0.004697986577181208,0.0,0.03758389261744966,0.05436241610738255,0.0,0.002348993288590604,0.0,0.0,0.009395973154362415,0.012416107382550336,0.0087248322147651,0.008053691275167786
cicero.pro_sestio.txt,16850,603,27.90049751243781,0.5024875621890548,6.759226713532513,0.0028486646884273,5.934718100890208e-05,0.0008308605341246291,0.08943620178041543,0.003916913946587537,0.04409495548961424,0.0002967359050445104,0.00967359050445104,0.006468842729970326,0.01056379821958457,0.0057566765578635016,0.0008308605341246291,0.00041543026706231454,0.0286053412462908,0.06,5.934718100890208e-05,0.0008902077151335311,0.0003560830860534125,5.934718100890208e-05,0.007833827893175074,0.008664688427299703,0.0085459940652819,0.009851632047477745
cicero.pro_sulla.txt,9322,402,23.154228855721392,0.48258706467661694,6.167164179104478,0.0018236429950654366,0.00010727311735679038,0.0018236429950654366,0.08764213688049775,0.005149109633125939,0.05084745762711865,0.00010727311735679038,0.00847457627118644,0.006650933276121004,0.011156404205106201,0.004612744046341987,0.002252735464492598,0.0007509118214975327,0.04677107916756061,0.06382750482729029,0.0,0.0007509118214975327,0.00042909246942716153,0.0,0.00804548380175928,0.01351641278695559,0.007509118214975327,0.010083673031538296
cicero.pro_tullio.txt,3448,185,18.616216216216216,0.43243243243243246,6.158333333333333,0.001160092807424594,0.0,0.0008700696055684454,0.09164733178654293,0.004350348027842227,0.05916473317865429,0.000580046403712297,0.004060324825986079,0.004640371229698376,0.013921113689095127,0.008410672853828306,0.004060324825986079,0.0,0.02523201856148492,0.060324825986078884,0.0,0.0,0.0002900232018561485,0.0,0.006090487238979118,0.01537122969837587,0.002900232018561485,0.017981438515081206
cicero.timaeus.txt,4225,149,28.328859060402685,0.7114093959731543,5.173076923076923,0.0033136094674556214,0.0,0.003076923076923077,0.1349112426035503,0.004733727810650888,0.05301775147928994,0.0,0.006390532544378698,0.01136094674556213,0.00047337278106508875,0.006153846153846154,0.00023668639053254438,0.0,0.019408284023668638,0.06011834319526627,0.0,0.0016568047337278107,0.00023668639053254438,0.0,0.011597633136094675,0.006390532544378698,0.0028402366863905324,0.012307692307692308
cicero.topica.txt,6922,327,21.125382262996943,0.6146788990825688,5.815028901734104,0.008812481941635366,0.0,0.0001444669170759896,0.10286044495810459,0.005634209765963594,0.053452759318116154,0.0005778676683039584,0.015313493210054898,0.0066454781854955215,0.0011557353366079169,0.00361167292689974,0.0001444669170759896,0.0,0.010401618029471251,0.07468939612828662,0.0001444669170759896,0.0034672060098237503,0.0,0.0,0.0020225368390638545,0.011701820283155157,0.000722334585379948,0.015602427044206876
cicero.tusculanae_disputationes.part.1.txt,12720,654,19.383792048929664,0.4877675840978593,5.235067437379576,0.0033018867924528303,0.0002358490566037736,0.0007861635220125787,0.10762578616352202,0.003930817610062893,0.04803459119496856,0.00031446540880503143,0.006839622641509434,0.006918238993710692,0.01328616352201258,0.006525157232704403,0.0032232704402515725,0.000550314465408805,0.022169811320754716,0.057547169811320756,0.0,0.002830188679245283,0.0006289308176100629,0.0002358490566037736,0.00589622641509434,0.013207547169811321,0.0018081761006289308,0.012814465408805032
cicero.tusculanae_disputationes.part.2.txt,6965,383,18.12532637075718,0.42036553524804177,5.394636015325671,0.0020100502512562816,0.0,0.00043072505384063173,0.09763101220387653,0.003589375448671931,0.04379038047379756,0.0008614501076812635,0.01148600143575018,0.008183776022972003,0.011629576453697056,0.006317300789662599,0.001148600143575018,0.0018664752333094042,0.025269203158650395,0.04924623115577889,0.00014357501794687725,0.0027279253409906675,0.0002871500358937545,0.0,0.00574300071787509,0.013352476669059584,0.002297200287150036,0.013208901651112706
cicero.tusculanae_disputationes.part.3.txt,8890,447,19.827740492170022,0.5458612975391499,5.320707070707071,0.0040494938132733405,0.0002249718785151856,0.0006749156355455568,0.10348706411698538,0.004161979752530934,0.049268841394825645,0.0002249718785151856,0.011473565804274466,0.007986501687289089,0.010236220472440945,0.00562429696287964,0.001687289088863892,0.0013498312710911137,0.02125984251968504,0.05264341957255343,0.0,0.0021372328458942632,0.0001124859392575928,0.0,0.007199100112485939,0.011473565804274466,0.0015748031496062992,0.014510686164229472
cicero.tusculanae_disputationes.part.4.txt,8400,391,21.419437340153454,0.5524296675191815,5.27887323943662,0.007142857142857143,0.0,0.0007142857142857143,0.11297619047619048,0.0027380952380952383,0.04404761904761905,0.0009523809523809524,0.012261904761904762,0.005119047619047619,0.010238095238095239,0.007261904761904762,0.002380952380952381,0.00011904761904761905,0.014285714285714285,0.05773809523809524,0.0002380952380952381,0.0036904761904761906,0.00035714285714285714,0.0,0.005833333333333334,0.009642857142857142,0.0011904761904761906,0.014404761904761905
cicero.tusculanae_disputationes.part.5.txt,11002,536,20.44589552238806,0.5149253731343284,5.234135667396061,0.004362843119432831,0.00018178512997636792,0.0016360661697873114,0.10807125977095074,0.005180876204326486,0.04780948918378477,0.0002726776949645519,0.01099800036357026,0.005908016724231958,0.013179421923286675,0.006362479549172878,0.0021814215597164154,0.0004544628249409198,0.02126886020723505,0.05471732412288675,9.089256498818396e-05,0.0029085620796218867,0.0006362479549172878,0.0,0.009452826758771132,0.012452281403381204,0.0036357025995273585,0.011816033448463915
cicero_pseudo.in_sallustium.txt,1862,95,19.57894736842105,0.5263157894736842,6.4868421052631575,0.0026852846401718583,0.0,0.0,0.09559613319011816,0.0,0.03490870032223416,0.0,0.0053705692803437165,0.006981740064446832,0.011278195488721804,0.0037593984962406013,0.001611170784103115,0.0,0.055853920515574654,0.04081632653061224,0.0,0.0005370569280343716,0.0005370569280343716,0.0,0.0037593984962406013,0.01611170784103115,0.0037593984962406013,0.012352309344790547
columella.de_re_rustica.part.1.txt,8003,299,26.762541806020067,0.6387959866220736,5.924764890282131,0.0028739222791453207,0.00012495314257153568,0.00024990628514307136,0.13007622141696865,0.003998500562289142,0.02711483193802324,0.0008746719980007497,0.012245407972010496,0.007622141696863676,0.0009996251405722854,0.003998500562289142,0.001124578283143821,0.0,0.007747094839435212,0.049231538173185055,0.00024990628514307136,0.0013744845682868924,0.00012495314257153568,0.0,0.0034986879920029987,0.010121204548294389,0.006747469698862927,0.011370735974009746
columella.de_re_rustica.part.2.txt,10306,444,23.195945945945947,0.5337837837837838,5.663888888888889,0.0032020182418008927,0.0006792159906850379,0.00019406171162429653,0.13040947021152727,0.0053366970696681545,0.024354744808849214,0.0013584319813700757,0.010770424995148457,0.005239666213856006,9.703085581214826e-05,0.0012614011255579274,0.0005821851348728896,0.0,0.004269357655734524,0.04366388511546672,0.0007762468464971861,0.0016495245488065205,0.00038812342324859306,0.00019406171162429653,0.001067339413933631,0.014457597516010091,0.00446341936735882,0.009994178148651271
columella.de_re_rustica.part.3.txt,10144,401,25.28927680798005,0.5935162094763092,5.46969696969697,0.001774447949526814,0.0003943217665615142,0.0015772870662460567,0.12450709779179811,0.004238958990536277,0.028982649842271294,0.0006900630914826499,0.00887223974763407,0.005224763406940063,0.0015772870662460567,0.0029574132492113563,0.0005914826498422713,0.0,0.006407728706624606,0.04899447949526814,0.00029574132492113565,0.002267350157728707,0.0005914826498422713,9.858044164037855e-05,0.000887223974763407,0.012815457413249211,0.007689274447949527,0.01163249211356467
columella.de_re_rustica.part.4.txt,9149,434,21.078341013824886,0.5299539170506913,5.36060606060606,0.0020767296972346704,0.0008744125040988086,0.0006558093780741065,0.1219805443217838,0.0039348562684446385,0.02459285167777899,0.0019674281342223193,0.021641709476445514,0.006667395343753416,0.0005465078150617554,0.002841840638321128,0.0004372062520494043,0.0,0.005465078150617554,0.05290195649797792,0.0009837140671111596,0.0019674281342223193,0.0007651109410864575,0.00010930156301235107,0.002623237512296426,0.014427806317630342,0.0038255547054322878,0.012351076620395671
columella.de_re_rustica.part.5.txt,9202,514,17.894941634241246,0.42023346303501946,5.097972972972973,0.0024994566398608997,0.0015214083894805478,0.0006520321669202348,0.10704194740273854,0.002716800695500978,0.027494023038469897,0.0006520321669202348,0.009454466420343404,0.00858509019778309,0.0,0.002934144751141056,0.00010867202782003912,0.0,0.0064116496413823085,0.05683547054988046,0.0004346881112801565,0.0010867202782003911,0.0004346881112801565,0.0,0.003586176918061291,0.01238861117148446,0.0024994566398608997,0.010867202782003912
columella.de_re_rustica.part.6.txt,9363,495,18.915151515151514,0.4121212121212121,5.122047244094488,0.003310904624586137,0.00021360674997329915,0.0004272134999465983,0.13211577485848552,0.00523336537434583,0.024991989746876,0.0008544269998931966,0.01260279824842465,0.008651073373918615,0.0,0.0026700843746662395,0.00021360674997329915,0.00021360674997329915,0.00256328099967959,0.048915945743885504,0.0003204101249599487,0.002242870874719641,0.0006408202499198974,0.0,0.0013884438748264444,0.01527288262309089,0.004592545124425932,0.009719107123785112
columella.de_re_rustica.part.7.txt,7302,365,20.0,0.46301369863013697,4.916666666666667,0.0023281292796494112,0.0002738975623116954,0.0017803341550260202,0.13872911531087373,0.005204053683922213,0.023144344015338263,0.0021911804984935633,0.015475212270610791,0.00657354149548069,0.0008216926869350862,0.0015064365927143248,0.0002738975623116954,0.0004108463434675431,0.0016433853738701725,0.04396055875102712,0.0008216926869350862,0.001917282936181868,0.0004108463434675431,0.0001369487811558477,0.000958641468090934,0.014242673240208161,0.007258285401259929,0.010955902492467817
columella.de_re_rustica.part.8.txt,8541,437,19.544622425629292,0.5766590389016019,4.910144927536232,0.003980798501346447,0.00023416461772626156,0.0007024938531787847,0.12773679896967569,0.004214963119072708,0.02985598876009835,0.002224563868399485,0.014049877063575694,0.009483667017913594,0.00011708230886313078,0.0029270577215782696,0.000585411544315654,0.0,0.003863716192483316,0.048823322795925536,0.00023416461772626156,0.0008195761620419155,0.0004683292354525231,0.0,0.002224563868399485,0.010186160871092378,0.0071420208406509774,0.011474066268586816
columella.de_re_rustica.part.9.txt,6967,317,21.977917981072554,0.5615141955835962,4.916666666666667,0.0034448112530500933,0.00014353380221042057,0.0005741352088416823,0.1243002727142242,0.00516721687957514,0.026840821013348642,0.0017224056265250467,0.011769771781254485,0.008181426725993972,0.0,0.002296540835366729,0.0014353380221042056,0.00014353380221042057,0.004736615472943878,0.047940289938280464,0.00014353380221042057,0.001578871824314626,0.0005741352088416823,0.0,0.0030142098464188316,0.013635711209989953,0.004162480264102196,0.011626237979044066
curtius_rufus.historiae_alexandri_magni.txt,74943,4145,17.911942098914356,0.46586248492159227,4.7889908256880735,0.0036961424015585177,0.00017346516686014704,0.00013343474373857464,0.08123507198804425,0.002495229707911346,0.02647345315773321,0.0008806693086745927,0.00541745059578613,0.005991219993862002,0.002375138438546629,0.007112071841266029,0.00033358685934643665,5.337389749542986e-05,0.015505117222422374,0.05698997905074523,0.00010674779499085972,0.0010141040524131674,0.0003068999105987217,8.006084624314479e-05,0.007539063021229467,0.005057176787691979,0.002215016746060339,0.007752558611211187
florus.epitome_bellorum_omnium_annorum.txt,26484,1465,17.980204778156995,0.2962457337883959,5.661710037174721,0.0018879323365050596,0.0,0.0028696571514876907,0.09409454765141217,0.0037381060262800182,0.02333484367920254,0.001170518048633137,0.0034737954991693096,0.0037003473795499168,0.0026053466243769825,0.008608971454463071,0.00011327594019030358,0.00033982782057091076,0.007174142878719226,0.06452952726174294,7.551729346020239e-05,0.0020389669234254643,0.00022655188038060717,3.7758646730101195e-05,0.006079142123546292,0.005210693248753965,0.0036625887328198157,0.009024316568494185
gellius.attic_nights.part.1.txt,9802,370,26.472972972972972,0.5378378378378378,6.3573667711598745,0.004386859824525607,0.00010201999591920016,0.0035706998571720058,0.11028361558865538,0.0028565598857376046,0.043154458273821666,0.000612119975515201,0.01234441950622322,0.004284839828606407,0.0022444399102224035,0.005100999795960008,0.0022444399102224035,0.0,0.010508059579677617,0.0626402774943889,0.00020403999183840033,0.0017343399306264029,0.0003060599877576005,0.0,0.0035706998571720058,0.00632523974699041,0.004998979800040808,0.00632523974699041
gellius.attic_nights.part.10.txt,7099,311,22.826366559485532,0.5016077170418006,5.637931034482759,0.00394421749542189,0.0,0.0033807578532187633,0.09621073390618397,0.0030990280321171997,0.040428229328074376,0.0002817298211015636,0.005071136779828145,0.004789406958726581,0.002817298211015636,0.0033807578532187633,0.0029581631215664177,0.0005634596422031273,0.009860543738554725,0.06395266939005494,0.0,0.0038033525848711084,0.0001408649105507818,0.0,0.0029581631215664177,0.007324975348640654,0.004930271869277363,0.004789406958726581
gellius.attic_nights.part.11.txt,4556,181,25.171270718232044,0.6243093922651933,6.1976744186046515,0.004389815627743635,0.0,0.0030728709394205445,0.11633011413520632,0.004389815627743635,0.04258121158911326,0.0006584723441615452,0.008999122036874451,0.006365232660228271,0.0010974539069359087,0.0046093064091308165,0.002414398595258999,0.0,0.01887620719929763,0.06299385425812117,0.00021949078138718174,0.001975417032484636,0.0015364354697102723,0.0,0.005706760316066725,0.009877085162423178,0.0037313432835820895,0.007023705004389816
gellius.attic_nights.part.12.txt,5402,196,27.54591836734694,0.6275510204081632,5.685,0.0033320992225101815,0.0,0.0031469825990373935,0.11865975564605702,0.002406516105146242,0.04165124028137727,0.0005553498704183636,0.01814142910033321,0.004072565716401333,0.003517215845982969,0.006479081821547575,0.0033320992225101815,0.0,0.01629026286560533,0.07663828211773417,0.00037023324694557573,0.00518326545723806,0.00037023324694557573,0.0,0.0055534987041836355,0.007034431691965938,0.002961865975564606,0.007034431691965938
gellius.attic_nights.part.13.txt,8888,373,23.801608579088473,0.546916890080429,5.920265780730897,0.004387938793879388,0.0,0.004500450045004501,0.1051980198019802,0.004050405040504051,0.04410441044104411,0.0001125112511251125,0.010576057605760575,0.007313231323132313,0.0024752475247524753,0.0030378037803780377,0.0018001800180018,0.0001125112511251125,0.0144014401440144,0.06671917191719172,0.0001125112511251125,0.003825382538253825,0.0005625562556255626,0.0,0.0033753375337533752,0.0056255625562556255,0.0029252925292529252,0.006975697569756975
gellius.attic_nights.part.14.txt,4807,129,37.24031007751938,0.6744186046511628,6.111111111111111,0.005824838776783857,0.00020802995631370917,0.004784688995215311,0.13105887247763678,0.0031204493447056377,0.04743083003952569,0.00041605991262741833,0.01497815685458706,0.009153318077803204,0.0033284793010193467,0.004576659038901602,0.005616808820470148,0.00020802995631370917,0.00977740794674433,0.06927397545246515,0.00041605991262741833,0.005408778864156439,0.00020802995631370917,0.0,0.0029124193883919283,0.011025587684626586,0.0029124193883919283,0.008737258165175786
gellius.attic_nights.part.15.txt,5597,232,24.120689655172413,0.5474137931034483,6.231638418079096,0.002501340003573343,0.0,0.001429337144899053,0.09344291584777559,0.005538681436483831,0.04359478291942112,0.0,0.009290691441843845,0.006432017152045739,0.0005360014293371449,0.001965338574236198,0.0030373414329104877,0.0,0.01643737716633911,0.07253886010362694,0.00017866714311238162,0.0032160085760228694,0.00017866714311238162,0.0,0.005002680007146686,0.006253350008933357,0.006074682865820975,0.007504020010720028
gellius.attic_nights.part.16.txt,5289,207,25.52657004830918,0.5458937198067633,5.868020304568528,0.004348648137644167,0.0,0.0022688598979013048,0.11306485157874835,0.0026470032142181885,0.04613348459065986,0.0003781433163168841,0.008130081300813009,0.003403289846851957,0.0017016449234259785,0.003781433163168841,0.0030251465305350727,0.0,0.01191151446398185,0.06825486859519758,0.0005672149744753262,0.004915863112119493,0.0003781433163168841,0.0,0.005104934770277935,0.008130081300813009,0.0026470032142181885,0.006617508035545471
gellius.attic_nights.part.17.txt,7845,300,26.13,0.5333333333333333,5.6061776061776065,0.0024219247928616953,0.0,0.0034416826003824093,0.10325047801147227,0.0034416826003824093,0.04461440407903123,0.0003824091778202677,0.009560229445506692,0.005353728489483747,0.0017845761631612492,0.004843849585723391,0.0036966220522625876,0.0,0.010197578075207138,0.06781389420012747,0.00012746972594008922,0.0030592734225621415,0.0016571064372211599,0.0,0.004461440407903123,0.005098789037603569,0.003951561504142766,0.0066284257488846395
gellius.attic_nights.part.18.txt,4544,175,25.931428571428572,0.5828571428571429,6.3375,0.0037411971830985913,0.0,0.0030809859154929575,0.10981514084507042,0.005061619718309859,0.042473591549295774,0.0,0.011443661971830986,0.00528169014084507,0.003301056338028169,0.0048415492957746475,0.0046214788732394365,0.0,0.018265845070422535,0.0625,0.0,0.003301056338028169,0.0,0.0,0.005721830985915493,0.007042253521126761,0.005061619718309859,0.005721830985915493
gellius.attic_nights.part.19.txt,4884,186,26.258064516129032,0.4946236559139785,6.588235294117647,0.003071253071253071,0.0,0.004709254709254709,0.11425061425061425,0.0038902538902538903,0.041154791154791155,0.000819000819000819,0.007985257985257985,0.0036855036855036856,0.004095004095004095,0.0020475020475020475,0.003071253071253071,0.0006142506142506142,0.018018018018018018,0.05466830466830467,0.00020475020475020476,0.0038902538902538903,0.0010237510237510238,0.0,0.003276003276003276,0.0045045045045045045,0.004914004914004914,0.005937755937755937
gellius.attic_nights.part.2.txt,9387,402,23.33084577114428,0.5472636815920398,6.182662538699691,0.007457121551081283,0.0,0.003835091083413231,0.1061041866410994,0.0023436667731969747,0.03867050175775008,0.0006391818472355385,0.008735485245552359,0.004900394162139128,0.0020240758495792053,0.0027697880046873334,0.002450197081069564,0.0,0.011292212634494514,0.06423777564717162,0.0,0.004580803238521359,0.0007457121551081282,0.0,0.003515500159795462,0.0044742729306487695,0.0023436667731969747,0.006711409395973154
gellius.attic_nights.part.20.txt,3965,188,21.090425531914892,0.4946808510638298,6.347107438016529,0.004539722572509458,0.0,0.004539722572509458,0.09936948297604035,0.0017654476670870113,0.03959646910466583,0.00025220680958385876,0.014627994955863808,0.005296343001261034,0.005800756620428752,0.00403530895334174,0.005296343001261034,0.0,0.027490542244640606,0.06406052963430013,0.0,0.0035308953341740227,0.0007566204287515763,0.0,0.0025220680958385876,0.011349306431273645,0.0037831021437578815,0.005044136191677175
gellius.attic_nights.part.3.txt,6018,235,25.595744680851062,0.5404255319148936,5.755102040816326,0.005649717514124294,0.0,0.003489531405782652,0.09621136590229312,0.0036556995679627785,0.04685942173479561,0.0004985044865403788,0.007976071784646061,0.005649717514124294,0.001661681621801263,0.003489531405782652,0.0019940179461615153,0.0,0.008640744433366567,0.07161847789963444,0.0,0.0019940179461615153,0.0009970089730807576,0.0,0.002824858757062147,0.006148222000664672,0.003323363243602526,0.004652708541043536
gellius.attic_nights.part.4.txt,5461,247,22.09311740890688,0.5546558704453441,6.23469387755102,0.004394799487273393,0.0,0.0016480498077275224,0.09851675517304523,0.0025636330342428126,0.04596227797106757,0.0,0.008972715619849844,0.005493499359091741,0.0021973997436366965,0.0025636330342428126,0.0021973997436366965,0.0009155832265152902,0.009705182201062076,0.069401208569859,0.0,0.004394799487273393,0.0003662332906061161,0.0,0.0023805163889397546,0.006409082585607032,0.0023805163889397546,0.00750778245742538
gellius.attic_nights.part.5.txt,5684,246,23.077235772357724,0.5040650406504065,5.936507936507937,0.003518648838845883,0.0,0.00211118930330753,0.10362420830401126,0.0028149190710767065,0.04486277269528501,0.00017593244194229416,0.011963406052076003,0.004398311048557354,0.0007037297677691766,0.0031667839549612948,0.00211118930330753,0.00017593244194229416,0.015306122448979591,0.06843771991555243,0.00017593244194229416,0.004046446164672765,0.00017593244194229416,0.0,0.005629838142153413,0.005981703026038001,0.003518648838845883,0.0049261083743842365
gellius.attic_nights.part.6.txt,7047,283,24.879858657243815,0.519434628975265,6.0941704035874436,0.0036895132680573295,0.0,0.004399035050376046,0.102880658436214,0.0034057045551298426,0.0454093940683979,0.0004257130693912303,0.009365687526607066,0.005392365545622251,0.0031218958422023556,0.002979991485738612,0.002554278416347382,0.0002838087129274869,0.0140485312899106,0.06570171704271321,0.0002838087129274869,0.002554278416347382,0.0011352348517099475,0.0002838087129274869,0.005108556832694764,0.006811409110259685,0.001986660990492408,0.007520930892578402
gellius.attic_nights.part.7.txt,4206,175,24.02857142857143,0.4857142857142857,6.068702290076335,0.003566333808844508,0.0,0.0021398002853067048,0.10984308131241084,0.00451735615786971,0.04208273894436519,0.0011887779362815027,0.010223490252020923,0.005468378506894912,0.004041844983357109,0.005706134094151213,0.0028530670470756064,0.0,0.012601046124583928,0.06657156443176415,0.0,0.0033285782215882074,0.0,0.0,0.006894912030432715,0.007370423204945316,0.005230622919638612,0.007845934379457917
gellius.attic_nights.part.8.txt,381,18,21.166666666666668,0.6111111111111112,6.875,0.0026246719160104987,0.0,0.0,0.09448818897637795,0.0026246719160104987,0.01837270341207349,0.0,0.005249343832020997,0.010498687664041995,0.0,0.0026246719160104987,0.0026246719160104987,0.0,0.015748031496062992,0.08661417322834646,0.0,0.013123359580052493,0.0,0.0,0.0026246719160104987,0.0,0.010498687664041995,0.0026246719160104987
gellius.attic_nights.part.9.txt,4936,206,23.941747572815533,0.529126213592233,5.587912087912088,0.0042544570502431114,0.0,0.0034440842787682334,0.10595623987034036,0.0028363047001620746,0.04173419773095624,0.0004051863857374392,0.01053484602917342,0.0058752025931928685,0.0012155591572123178,0.004051863857374392,0.0028363047001620746,0.0,0.010332252836304701,0.06381685575364668,0.0,0.0032414910858995136,0.0006077795786061589,0.0,0.004659643435980551,0.004457050243111832,0.0038492706645056724,0.006280388978930308
jerome.epistulae.txt,289584,12739,22.66213988539132,0.51440458434728,5.602230825958702,0.0036086247858997736,0.00025553898005414665,0.0011153931156417482,0.10590364108514283,0.002020139234211835,0.03114812973092436,0.0008771202828885574,0.005673656003094094,0.004596248411514448,0.0053663185811370796,0.003971213879219847,0.0014330902259793359,0.00030388419249682304,0.025377783302944913,0.07515608597160064,7.942427758439693e-05,0.0013225868832532183,0.00022100668545223492,0.0,0.004375241726062213,0.008715951157522515,0.0026762528316481575,0.010680838720371292
livy.ab_urbe_condita.part.1.books_1-10.txt,159553,6995,22.759685489635455,0.4240171551107934,5.736854571293226,0.003716633344405934,8.774513797922948e-05,0.00021936284494807368,0.07879513390534806,0.0035035380093135196,0.02451849855533898,0.000683158574266858,0.00991520059165293,0.005734771517928212,0.0028517169843249577,0.004280709231415266,0.0003321780223499401,6.267509855659248e-06,0.014139502234367263,0.06938133410214788,0.00045126070960746587,0.0008523813403696577,0.00045126070960746587,0.0001190826872575257,0.00849874336427394,0.006211102266958314,0.001259769480987509,0.008705571189510696
livy.ab_urbe_condita.part.2.books_21-30.txt,153453,6035,25.346147473073735,0.459983429991715,5.692894025079911,0.0036753924654454456,8.471649299785602e-05,0.00016291633268818466,0.08598724039282386,0.0036884257720605006,0.02486103236821698,0.000742898477058122,0.011136960502564302,0.005219839299329437,0.0013359139280431141,0.005376238978710094,0.00013033306615054771,0.0,0.011951542166005226,0.07779580718526194,0.0005539155311398279,0.0009383980762839436,0.0002280828657634585,9.77497996129108e-05,0.007422468117273693,0.005330622405557402,0.0011338976755097651,0.008882198458159827
livy.ab_urbe_condita.part.3.books_31-40.txt,137210,5863,23.331400307010064,0.44704076411393484,5.491747445637936,0.0037242183514321113,5.8304788280737556e-05,8.016908388601414e-05,0.08062823409372495,0.003972013701625246,0.02816850083813133,0.0006559288681582975,0.010247066540339625,0.006122002769477443,0.00202609139275563,0.00531302383208221,0.00022593105458785804,0.0,0.013300779826543254,0.0766562203920997,0.0005903359813424678,0.0009037242183514322,0.00032067633554405656,0.00010203337949129072,0.007951315501785584,0.005925224109029954,0.0010786385831936447,0.008687413453829895
livy.ab_urbe_condita.part.4.books_41-45.txt,56384,2543,22.08218639402281,0.46598505701926857,5.369640787949015,0.003972758229284903,8.867763904653802e-05,8.867763904653802e-05,0.07390394438138478,0.0037954029511918274,0.027312712826333713,0.0005143303064699205,0.010304341657207719,0.005391600454029512,0.0017558172531214528,0.004877270147559592,7.094211123723042e-05,0.0,0.012698637911464245,0.07725595913734393,0.0003547105561861521,0.0009222474460839954,0.00012414869466515323,7.094211123723042e-05,0.008353433598183881,0.004806328036322361,0.000939982973893303,0.008601730987514189
macrobius.saturnalia.part.1.txt,26250,967,27.136504653567734,0.594622543950362,6.860178970917226,0.0033142857142857145,0.00022857142857142857,0.0011047619047619048,0.08514285714285715,0.0037333333333333333,0.03318095238095238,0.0006476190476190476,0.011961904761904762,0.006704761904761904,0.0020952380952380953,0.0034666666666666665,0.0007238095238095238,0.0,0.011580952380952381,0.06491428571428572,7.619047619047618e-05,0.0017523809523809523,7.619047619047618e-05,3.809523809523809e-05,0.003695238095238095,0.00499047619047619,0.0025523809523809522,0.010971428571428571
macrobius.saturnalia.part.2.txt,5314,281,18.91103202846975,0.4128113879003559,6.0394736842105265,0.002822732404968009,0.0001881821603312006,0.0007527286413248024,0.08242378622506587,0.00639819345126082,0.03914188934888972,0.0005645464809936018,0.009032743695897629,0.005269100489273617,0.00639819345126082,0.0024463680843056076,0.000940910801656003,0.0,0.024840045163718478,0.060782837786977795,0.0,0.0030109145652992097,0.0,0.0,0.008091832894241625,0.006774557771923222,0.0030109145652992097,0.009220925856228829
macrobius.saturnalia.part.3.txt,10441,452,23.042035398230087,0.577433628318584,6.465994962216625,0.003543721865721674,0.0,9.577626664112633e-05,0.0825591418446509,0.004309931998850685,0.03696963892347476,0.00047888133320563166,0.00756632506464898,0.006033904798390959,0.0027775117325926635,0.004214155732209558,0.000574657599846758,0.000287328799923379,0.011780480796858539,0.06522363758260703,0.00019155253328225267,0.001149315199693516,0.00019155253328225267,9.577626664112633e-05,0.0034479455990805478,0.004884589598697443,0.0034479455990805478,0.010631165597165022
macrobius.saturnalia.part.4.txt,3180,188,16.48404255319149,0.3617021276595745,5.011764705882353,0.00440251572327044,0.0,0.0006289308176100629,0.1110062893081761,0.005345911949685534,0.03490566037735849,0.0009433962264150943,0.005660377358490566,0.005031446540880503,0.006289308176100629,0.003459119496855346,0.00031446540880503143,0.0015723270440251573,0.01949685534591195,0.0729559748427673,0.00031446540880503143,0.0009433962264150943,0.00031446540880503143,0.0,0.005974842767295598,0.005345911949685534,0.0009433962264150943,0.011320754716981131
macrobius.saturnalia.part.5.txt,17506,790,21.820253164556963,0.30253164556962026,6.906832298136646,0.0014280818005255342,0.00011424654404204273,0.0005712327202102136,0.06986176168170913,0.001599451616588598,0.02227807608819833,0.00011424654404204273,0.0053124642979549865,0.0022849308808408544,0.002342054152861876,0.0038272592254084315,0.0008568490803153205,0.000799725808294299,0.0069690391865646064,0.0462698503370273,0.00011424654404204273,0.0006854792642522564,0.0001713698160630641,0.0,0.0027990403290300467,0.003256026505198218,0.0027990403290300467,0.0055980806580600935
macrobius.saturnalia.part.6.txt,7837,387,19.97157622739018,0.3359173126614987,6.423076923076923,0.00306239632512441,0.0,0.0014035983156820211,0.09927268087278296,0.0019139977032027562,0.0259027689166773,0.0006379992344009187,0.00714559142529029,0.00306239632512441,0.0024243970907234912,0.003572795712645145,0.0008931989281612862,0.0011483986219216536,0.013397983922419292,0.06928671685593978,0.00025519969376036747,0.0017863978563225724,0.0007655990812811025,0.0,0.003189996172004594,0.0040831951001658795,0.0017863978563225724,0.00714559142529029
macrobius.saturnalia.part.7.txt,16532,711,23.234880450070325,0.5893108298171589,6.1375,0.003568836196467457,0.00018146624727800629,0.0006048874909266877,0.105734333413985,0.004839099927413501,0.03133317203000242,0.0011492862327607066,0.011553351076699733,0.0034478586982821195,0.005443987418340189,0.004657633680135495,0.001028308734575369,0.0,0.015787563513186546,0.06327123155093152,0.0,0.0013307524800387127,0.00042342124364868136,0.0,0.006532784902008227,0.012460682313089765,0.0018146624727800628,0.01227921606581176
marcus_mincuius_felix.octavius.txt,11664,547,21.230347349177332,0.4369287020109689,5.419642857142857,0.00205761316872428,0.00051440329218107,0.0006858710562414266,0.12251371742112482,0.004029492455418381,0.02512002743484225,0.002657750342935528,0.007030178326474623,0.004029492455418381,0.009259259259259259,0.007458847736625514,0.0023148148148148147,0.00017146776406035664,0.01783264746227709,0.04621056241426612,8.573388203017832e-05,0.0008573388203017832,8.573388203017832e-05,0.0,0.004801097393689987,0.0075445816186556925,0.0015432098765432098,0.011402606310013717
nepos.vitae.txt,28389,1415,20.062190812720846,0.5872791519434629,5.5528,0.0013737715312268836,0.0,0.0004931487547993941,0.08119341998661453,0.006657508189791821,0.05639508260241643,0.00042269893268519497,0.006093909612878227,0.0067984078340202194,0.00021134946634259749,0.0037338405720525555,0.0001761245552854979,3.522491105709958e-05,0.014829687555038924,0.06601148332100461,0.00045792384374229456,0.0009862975095987882,0.00042269893268519497,0.00010567473317129874,0.011906019937299658,0.006974532389305717,0.0034168163725386592,0.013315016379583641
petronius.satyricon.txt,30520,2013,15.14307004470939,0.2776949826130154,4.887303851640514,0.0022608125819134992,9.829619921363041e-05,0.00019659239842726082,0.1008519003931848,0.0022608125819134992,0.023951507208387943,0.00163826998689384,0.002621231979030144,0.005701179554390564,0.008256880733944955,0.002981651376146789,0.0007863695937090433,0.0005242463958060288,0.03129095674967235,0.05045871559633028,0.0,0.0008519003931847968,3.27653997378768e-05,0.0,0.004259501965923985,0.008060288335517694,0.0045543905635648755,0.00881389252948886
pliny_the_elder.naturalis_historia.part.1.books_1-5.txt,56689,4523,12.533274375414548,0.24651779792173337,6.65282505105514,0.003969023972904796,8.82005327312177e-05,0.0005821235160260368,0.06886697595653478,0.0010584063927746123,0.027694967277602355,0.00015876095891619184,0.0030164582194076453,0.004410026636560885,0.0,0.0031575790717775936,8.82005327312177e-05,0.0,0.0031575790717775936,0.08558979696237365,3.528021309248708e-05,0.001375928310606996,0.0001764010654624354,3.528021309248708e-05,0.0023637742771966345,0.007655806241069696,0.0024696149164740956,0.0040925047187285015
pliny_the_elder.naturalis_historia.part.2.books_6-10.txt,59821,3308,18.083434099153568,0.3485489721886336,5.408997955010225,0.0060346700991290685,0.00013373230136574113,0.0007188111198408586,0.07696293943598402,0.0018388191437789406,0.02940438976279233,0.0003677638287557881,0.004262717106032998,0.00623526855117768,0.0,0.00325972484578994,0.0002005984520486117,1.671653767071764e-05,0.005817355109409739,0.07861787666538507,0.0001671653767071764,0.0031761421574363516,0.0003677638287557881,3.343307534143528e-05,0.004697347085471657,0.004429882482740175,0.00354390598619214,0.007388709650457197
pliny_the_elder.naturalis_historia.part.3.books_11-15.txt,43627,2801,15.575508746876116,0.332381292395573,5.192100538599641,0.008916496664909346,0.00011460792628418181,0.0015586677974648727,0.09581222637357599,0.002085864258372109,0.03147133655763633,0.00038966694936621817,0.004905219244962982,0.005088591927017673,2.292158525683636e-05,0.0036903752263506544,0.00013752951154101818,0.0,0.003850826323148509,0.07472436793728654,0.00025213743782519997,0.004423865954569418,0.0006188828019345817,0.0,0.0030256492539024,0.004332179613542072,0.005088591927017673,0.00838930020400211
pliny_the_elder.naturalis_historia.part.4.books_16-20.txt,69464,4538,15.307183781401498,0.27677390921110623,4.941721854304636,0.006247840608084763,0.0002735229759299781,0.0011660716342278014,0.10532074167914315,0.002389727052861914,0.026027870551652656,0.00047506622135206727,0.007154785212484164,0.006996429805366809,1.4395946101577795e-05,0.003814925716918116,0.00010077162271104457,1.4395946101577795e-05,0.0036133824714960267,0.07262754808245998,0.00046067027525048944,0.003584590579292871,0.00044627432914891166,5.758378440631118e-05,0.0025048946216745366,0.0084936081999309,0.005758378440631118,0.0082344811701025
pliny_the_elder.naturalis_historia.part.5.books_21-25.txt,46982,3385,13.879172821270311,0.24608567208271787,4.732283464566929,0.00632156996296454,8.513898940019582e-05,0.0006811119152015665,0.10135796688093313,0.001383508577753182,0.028691839427865993,0.0002767017155506364,0.006960112383466008,0.005981014005363756,0.0,0.0031927121025073432,0.00017027797880039163,0.0,0.003980247754459155,0.07217657826401601,0.0001915627261504406,0.0024477459452556297,0.00036184070495083224,0.0,0.0026605934187561193,0.006427993699714784,0.00529990209016219,0.004980630879911455
pliny_the_elder.naturalis_historia.part.6.books_26-30.txt,48119,2651,18.15126367408525,0.2591474915126367,5.0773809523809526,0.005216234751345622,6.234543527504728e-05,0.0004987634822003782,0.09291548037157879,0.0014547268230844365,0.024688792368918723,0.0003740726116502837,0.005091543880795528,0.0067748706332218045,0.0,0.002909453646168873,0.0003740726116502837,0.0,0.0040940169163947715,0.0723414867308132,0.00035329079989193456,0.0024314719757268437,0.0005195452939587273,0.0,0.003138053575510713,0.008624451879714874,0.003927762422327979,0.00573578004530435
pliny_the_elder.naturalis_historia.part.7.books_31-37.txt,68373,3975,17.19748427672956,0.35044025157232706,5.198785201546107,0.0054846211223728665,0.0001023795942842935,0.0008775393795796586,0.09244877363871704,0.0018135813844646278,0.03151828938323607,0.0003217644391792082,0.0059818934374680065,0.006742427566437044,0.0,0.0037880449885188596,0.0002340105012212423,2.9251312652655286e-05,0.004124435084024396,0.07725271671566261,0.00019013353224225937,0.0026033668260863206,0.0003363900955055358,1.4625656326327643e-05,0.003363900955055358,0.004709461337077501,0.004270691647287672,0.0075907156333640475
pliny_the_younger.letters.part.1.txt,6321,393,16.071246819338423,0.47837150127226463,5.25,0.004429678848283499,0.00031640563202024995,0.0,0.10710330643885461,0.0033222591362126247,0.03559563360227812,0.0007910140800506249,0.01107419712070875,0.007277329536465749,0.004113273216263249,0.008226546432526499,0.0020566366081316246,0.0006328112640404999,0.037019458946369245,0.04382218003480462,0.0,0.0025312450561619996,0.0006328112640404999,0.0,0.0018984337921214998,0.010599588672678373,0.006802721088435374,0.015978484417022622
pliny_the_younger.letters.part.10.txt,9872,455,21.69010989010989,0.643956043956044,5.60377358490566,0.0024311183144246355,0.0002025931928687196,0.0001012965964343598,0.08741896272285252,0.004051863857374392,0.03585899513776337,0.0012155591572123178,0.013776337115072933,0.007698541329011345,0.0002025931928687196,0.004558346839546191,0.0016207455429497568,0.0,0.03727714748784441,0.06634927066450567,0.0,0.0018233387358184765,0.0002025931928687196,0.0002025931928687196,0.003646677471636953,0.006685575364667747,0.01023095623987034,0.012560777957860616
pliny_the_younger.letters.part.2.txt,6369,382,16.672774869109947,0.468586387434555,5.692622950819672,0.004710315591144607,0.0001570105197048202,0.0,0.09891662741403674,0.002826189354686764,0.03469932485476527,0.0004710315591144607,0.010048673261108493,0.005495368189668707,0.0037682524729156855,0.005809389229078348,0.0017271157167530224,0.0,0.026848798869524258,0.046789134872036425,0.0,0.0020411367561626627,0.0003140210394096404,0.0001570105197048202,0.0018841262364578427,0.009577641701994034,0.009577641701994034,0.011618778458156696
pliny_the_younger.letters.part.3.txt,6670,383,17.41514360313316,0.4360313315926893,5.616071428571429,0.0031484257871064467,0.00014992503748125936,0.00014992503748125936,0.09730134932533734,0.0047976011994002995,0.03298350824587706,0.0010494752623688155,0.006896551724137931,0.007946026986506746,0.005097451274362818,0.005697151424287856,0.0008995502248875562,0.0,0.0287856071964018,0.04977511244377811,0.0,0.0029985007496251873,0.0007496251874062968,0.0,0.0029985007496251873,0.009445277361319341,0.008395802098950524,0.013793103448275862
pliny_the_younger.letters.part.4.txt,6284,422,14.890995260663507,0.42417061611374407,5.475409836065574,0.002864417568427753,0.00015913430935709738,0.00015913430935709738,0.09436664544875875,0.004455760661998727,0.034054742202418845,0.0006365372374283895,0.006524506683640993,0.004933163590070019,0.0060471037555697,0.007956715467854869,0.0017504774029280714,0.00015913430935709738,0.032622533418204966,0.04964990451941439,0.0,0.0022278803309993636,0.00047740292807129216,0.00015913430935709738,0.002864417568427753,0.008752387014640357,0.009548058561425843,0.01464035646085296
pliny_the_younger.letters.part.5.txt,6007,371,16.191374663072775,0.4528301886792453,5.35064935064935,0.005327118361911104,0.000166472448809722,0.0,0.0992175794905943,0.00166472448809722,0.031130347927418013,0.001165307141668054,0.006159480605959714,0.00665889795238888,0.00249708673214583,0.005993008157149992,0.000998834692858332,0.000332944897619444,0.03212918262027634,0.048942899950058266,0.000332944897619444,0.001165307141668054,0.000499417346429166,0.0,0.00416181122024305,0.008989512235724988,0.008823039786915265,0.013151323455968037
pliny_the_younger.letters.part.6.txt,6829,450,15.171111111111111,0.39555555555555555,5.555555555555555,0.0032215551325230633,0.0001464343242055938,0.0001464343242055938,0.10426123883438278,0.0032215551325230633,0.03162981402840826,0.0008786059452335627,0.008053887831307659,0.006443110265046127,0.0038072924293454384,0.005857372968223752,0.0005857372968223752,0.00043930297261678136,0.03616927807878167,0.04334455996485576,0.0,0.0017572118904671254,0.0002928686484111876,0.0005857372968223752,0.004100161077756626,0.008200322155513253,0.008932493776541222,0.01508273539317616
pliny_the_younger.letters.part.7.txt,6197,421,14.719714964370546,0.3657957244655582,5.158139534883721,0.002420526060997257,0.0,0.00016136840406648378,0.10472809423914797,0.0025818944650637405,0.030498628368565435,0.0012909472325318702,0.008713893819590124,0.006777472970792319,0.006131999354526384,0.006131999354526384,0.002097789252864289,0.00048410521219945134,0.041148943036953364,0.0437308375020171,0.0,0.0017750524447313217,0.0012909472325318702,0.0,0.0035501048894626434,0.010166209456188478,0.008875262223656607,0.01532999838631596
pliny_the_younger.letters.part.8.txt,6188,359,17.23676880222841,0.532033426183844,5.4784172661870505,0.0037168713639301873,0.0006464124111182935,0.00016160310277957336,0.09760827407886231,0.0022624434389140274,0.0345830639948287,0.0011312217194570137,0.011473820297349708,0.007272139625080802,0.0063025210084033615,0.006948933419521654,0.001292824822236587,0.00016160310277957336,0.021493212669683258,0.04702650290885585,0.0,0.003070458952811894,0.0003232062055591467,0.0,0.004040077569489335,0.008241758241758242,0.008888170652876535,0.01583710407239819
pliny_the_younger.letters.part.9.txt,6420,405,15.846913580246914,0.4567901234567901,5.256603773584906,0.004049844236760125,0.0,0.0,0.09922118380062306,0.003426791277258567,0.03489096573208723,0.0017133956386292835,0.009968847352024923,0.004984423676012461,0.00529595015576324,0.006230529595015576,0.001557632398753894,0.0,0.03660436137071651,0.04735202492211838,0.0,0.002803738317757009,0.0,0.00046728971962616824,0.003426791277258567,0.009813084112149532,0.011370716510903427,0.01339563862928349
q_cicero.on_running_for_consul.txt,4360,165,26.4,0.696969696969697,7.24,0.002522935779816514,0.0,0.0,0.09174311926605505,0.004128440366972477,0.05137614678899083,0.00022935779816513763,0.019724770642201836,0.003669724770642202,0.0020642201834862386,0.0038990825688073397,0.00022935779816513763,0.0,0.03944954128440367,0.06422018348623854,0.0,0.0011467889908256881,0.00045871559633027525,0.0,0.006651376146788991,0.01055045871559633,0.0022935779816513763,0.024541284403669726
quintilian.institutio_oratoria.part.1.txt,17139,794,21.583123425692694,0.5264483627204031,5.362043795620438,0.005776299667425171,0.00011669292257424587,0.0006418110741583523,0.11313378843573137,0.004084252290098606,0.03699165645603594,0.0006418110741583523,0.01587023747009744,0.007876772273761596,0.006009685512573662,0.004901102748118327,0.00046677169029698347,0.0005251181515841065,0.010268977186533636,0.06103039850633059,0.00017503938386136881,0.005601260283563802,0.00023338584514849173,5.8346461287122933e-05,0.003325748293366007,0.010385670109107882,0.004142598751385729,0.015811891008810315
quintilian.institutio_oratoria.part.10.txt,12077,588,20.539115646258505,0.5731292517006803,5.374015748031496,0.004305705059203444,0.00016560404073859403,0.001490436366647346,0.11592282851701581,0.002980872733294692,0.03792332532913803,0.001076426264800861,0.025089012171896994,0.004885319201788523,0.0038088929369876623,0.005878943446220088,0.00033120808147718805,0.0,0.013248323259087522,0.054980541525213214,0.0,0.0043885070795727414,0.0004968121222157821,8.280202036929701e-05,0.006210151527697276,0.00943943032209986,0.0052165272832657116,0.015566779829427838
quintilian.institutio_oratoria.part.11.txt,15435,757,20.387054161162485,0.47424042272126815,4.957875457875458,0.005960479429867185,6.47878198898607e-05,0.001943634596695821,0.12568837058632976,0.003952057013281503,0.037317784256559766,0.0006478781988986071,0.02021379980563654,0.006932296728215096,0.004923874311629414,0.0065435698088759315,0.0005183025591188856,0.0001295756397797214,0.011661807580174927,0.05772594752186589,6.47878198898607e-05,0.0058956916099773245,0.0005183025591188856,0.0001295756397797214,0.0058956916099773245,0.008551992225461613,0.0035633300939423387,0.014965986394557823
quintilian.institutio_oratoria.part.12.txt,13160,607,21.680395387149918,0.5700164744645799,5.497247706422018,0.004179331306990881,7.598784194528876e-05,0.0012917933130699088,0.11983282674772036,0.0034954407294832826,0.03829787234042553,0.000911854103343465,0.022872340425531913,0.005851063829787234,0.008358662613981762,0.007446808510638298,0.00037993920972644377,7.598784194528876e-05,0.011322188449848024,0.05151975683890578,0.0,0.004027355623100304,0.0004559270516717325,0.00030395136778115504,0.005319148936170213,0.011474164133738602,0.004711246200607902,0.012310030395136779
quintilian.institutio_oratoria.part.2.txt,14101,622,22.670418006430868,0.572347266881029,5.1112828438949,0.00460960215587547,0.00028366782497695197,0.0007091695624423799,0.11658747606552727,0.003049429118502234,0.04318842635274094,0.000780086518686618,0.02155875469824835,0.005815190412027516,0.0041841004184100415,0.006808027799446848,0.000496418693709666,0.0,0.011914048649031984,0.0629033401886391,0.00014183391248847598,0.00496418693709666,0.000638252606198142,0.0,0.005602439543294801,0.011063045174101128,0.0037585986809446138,0.012055882561520459
quintilian.institutio_oratoria.part.3.txt,14070,764,18.414921465968586,0.5117801047120419,4.888372093023256,0.007533759772565742,7.107320540156361e-05,0.0004975124378109452,0.11435678749111584,0.0029850746268656717,0.04271499644633973,0.00035536602700781805,0.015422885572139304,0.007818052594171997,0.0073916133617626155,0.004690831556503198,7.107320540156361e-05,0.0,0.008031272210376687,0.06680881307746979,7.107320540156361e-05,0.005046197583511016,0.00042643923240938164,0.0,0.002771855010660981,0.009097370291400142,0.0029140014214641082,0.013930348258706468
quintilian.institutio_oratoria.part.4.txt,12021,533,22.5515947467167,0.5947467166979362,5.123134328358209,0.0030779469262124616,0.0002495632642874969,0.0005823142833374927,0.10806089343648614,0.0043257632476499455,0.03751767739788703,0.0006655020380999917,0.020963314200149737,0.006322269361949921,0.004492138757174944,0.005739955078612428,0.0005823142833374927,0.0002495632642874969,0.012311787704849846,0.0641377589218867,0.0004159387738124948,0.004159387738124948,0.00016637550952499792,0.0,0.00399301222859995,0.014724232592962317,0.0031611346809749604,0.015805673404874803
quintilian.institutio_oratoria.part.5.txt,17366,797,21.786700125470514,0.5671267252195734,4.780104712041885,0.00535529194978694,5.758378440631118e-05,0.0004030864908441783,0.11424622826212139,0.003167108142347115,0.04151790855695036,0.0003455027064378671,0.017275135321893356,0.005758378440631118,0.0048370378901301395,0.00581596222503743,0.00046067027525048944,5.758378440631118e-05,0.010537832546354946,0.0664516872048831,5.758378440631118e-05,0.0035701946331912933,0.00023033513762524472,0.00011516756881262236,0.004088448692848094,0.015605205574110331,0.004318783830473339,0.015835540711735575
quintilian.institutio_oratoria.part.6.txt,11962,567,21.095238095238095,0.5714285714285714,5.083495145631068,0.004263501086774786,8.359806052499582e-05,0.0007523825447249624,0.11034943989299448,0.005015883631499749,0.04355458953352282,0.0005015883631499749,0.01663601404447417,0.00660424678147467,0.005433873934124729,0.006520648720949674,0.0004179903026249791,0.0005015883631499749,0.013710081926099314,0.05952181909379702,8.359806052499582e-05,0.005015883631499749,0.00016719612104999163,0.0,0.0035111185420498244,0.010533355626149474,0.005684668115699716,0.013459287744524326
quintilian.institutio_oratoria.part.7.txt,13038,761,17.132720105124836,0.4467805519053876,4.791338582677166,0.004601932811780948,7.669888019634913e-05,0.00038349440098174565,0.11297745052922227,0.0032213529682466636,0.04111059978524313,0.00015339776039269826,0.01411259395612824,0.00613591041570793,0.0049854272127626935,0.0048320294523699955,0.00015339776039269826,0.0,0.008820371222580151,0.07025617425985581,7.669888019634913e-05,0.0016106764841233318,0.00038349440098174565,7.669888019634913e-05,0.0045252339315845986,0.013729099555146495,0.0032980518484430127,0.01411259395612824
quintilian.institutio_oratoria.part.8.txt,13163,697,18.883787661406025,0.5078909612625538,5.24482109227872,0.006305553445263238,0.0,0.0010635873281166907,0.11266428625693231,0.0031907619843500722,0.048241282382435614,0.0009116462812428777,0.01443439945301223,0.006305553445263238,0.005317936640583454,0.0050900250702727344,0.0007597052343690648,0.00030388209374762593,0.010180050140545469,0.056598039960495325,0.0,0.006077641874952518,7.597052343690648e-05,7.597052343690648e-05,0.003418673554660792,0.008812580718681151,0.003798526171845324,0.015194104687381296
quintilian.institutio_oratoria.part.9.txt,19051,970,19.629896907216494,0.49381443298969074,5.080272108843538,0.006666316728780641,0.00010498136580756916,0.0008923416093643378,0.11962626633772505,0.004146763949398982,0.03973544695816492,0.000629888194845415,0.012230329116581807,0.008450999947509317,0.007191223557818488,0.004724161461340612,0.000629888194845415,0.0005773975119416304,0.015274788725001312,0.05112592514828618,5.249068290378458e-05,0.005249068290378458,0.00020996273161513832,5.249068290378458e-05,0.004619180095533043,0.01007821111752664,0.003569366437457351,0.02498556506220146
quintilian_pseudo.major_declamations.txt,66802,4758,14.03404791929382,0.3541403951240017,4.5234342596433015,0.002619682045447741,0.0002395137870123649,0.00010478728181790964,0.0717792880452681,0.001990958354540283,0.027454267836292328,0.0016017484506451903,0.0053591209844016646,0.004460944283105296,0.013906769258405437,0.003562767581808928,0.0022155025298643753,0.0009730247597377324,0.03173557677913835,0.04752851711026616,1.4969611688272806e-05,0.0008233286428550044,0.0004041795155833658,2.9939223376545613e-05,0.004625610011676297,0.013023562168797341,0.004655549235052843,0.010493697793479237
sallust.catilina.txt,10688,495,21.56767676767677,0.5070707070707071,5.741935483870968,0.008233532934131737,9.356287425149701e-05,0.00907559880239521,0.0904752994011976,9.356287425149701e-05,0.03574101796407186,0.0010291916167664672,0.0061751497005988025,0.0036489520958083834,0.002151946107784431,0.003836077844311377,0.000280688622754491,9.356287425149701e-05,0.018619011976047904,0.06409056886227545,0.00037425149700598805,0.000654940119760479,0.00037425149700598805,0.00037425149700598805,0.00720434131736527,0.0061751497005988025,0.000561377245508982,0.002619760479041916
sallust.histories.txt,4061,193,21.020725388601036,0.5129533678756477,5.827338129496403,0.004432405811376508,0.0,0.0012312238364934746,0.11253385865550357,0.0002462447672986949,0.023147008126077322,0.0007387343018960847,0.005417384880571288,0.002954937207584339,0.007387343018960847,0.0019699581383895593,0.0007387343018960847,0.0002462447672986949,0.031765574981531645,0.05860625461708939,0.0002462447672986949,0.0002462447672986949,0.0012312238364934746,0.0,0.002462447672986949,0.011573504063038661,0.0,0.003447426742181729
sallust.jugurtha.txt,21287,941,22.597236981934113,0.5154091392136025,5.773006134969325,0.008127025884342557,4.697702823319397e-05,0.003288391976323578,0.10015502419316955,0.00023488514116596984,0.02950157373044581,0.0005637243387983276,0.004509794710386621,0.004979564992718561,0.0010334946211302673,0.0038990933433550993,0.0,4.697702823319397e-05,0.01893174237797717,0.06294921783247992,0.00023488514116596984,0.0003288391976323578,0.00018790811293277587,4.697702823319397e-05,0.008596796166674496,0.005731197444449664,9.395405646638794e-05,0.0021139662704937287
scriptores_historiae_augustae.historia_augusta.part.1.books_1-5.txt,16427,593,27.642495784148398,0.5345699831365935,6.5803402646502835,0.0031046447921105496,6.087538808059901e-05,0.0008522554331283862,0.09326109453947769,0.004626529494125525,0.0309246971449443,0.00018262616424179705,0.006331040360382297,0.004383027941803129,0.0004261277165641931,0.004687404882206124,0.0004261277165641931,0.0,0.011870700675716809,0.0736592195775248,0.00024350155232239604,0.0014001339258537773,0.00012175077616119802,0.0,0.009861812869057041,0.004748280270286723,0.004200401777561332,0.012905582273086991
scriptores_historiae_augustae.historia_augusta.part.2.books_6-10.txt,14541,598,24.240802675585286,0.5083612040133779,5.839662447257384,0.0034385530568736677,0.0,0.0005501684890997868,0.08692662127776632,0.005295371707585448,0.033766591018499416,0.00020631318341242006,0.005295371707585448,0.004745203218485661,0.001375421222749467,0.005707998074410288,0.0004126263668248401,6.877106113747335e-05,0.012447562065882677,0.07296609586685923,0.0001375421222749467,0.0015129633450244138,0.0001375421222749467,0.0,0.008252527336496802,0.003851179423698508,0.0034385530568736677,0.010178117048346057
scriptores_historiae_augustae.historia_augusta.part.3.books_11-15.txt,10808,324,33.19444444444444,0.6635802469135802,6.200934579439252,0.003608438193930422,0.0,0.0003700962250185048,0.086880088823094,0.0050888230940044415,0.04320873427091044,0.0002775721687638786,0.006939304219096965,0.005643967431532199,0.0008327165062916358,0.0050888230940044415,0.0006476683937823834,0.0,0.01582161361954108,0.06735751295336788,0.0002775721687638786,0.001757957068837898,0.0002775721687638786,0.0,0.007772020725388601,0.006199111769059956,0.004903774981495189,0.013786084381939304
scriptores_historiae_augustae.historia_augusta.part.4.books_16-21.txt,32417,1061,30.429783223374177,0.5541941564561734,6.044995408631772,0.004102785575469661,9.254403553690965e-05,0.001233920473825462,0.0972329333374464,0.005737730203288398,0.03624641391862295,0.00046272017768454824,0.006015362309899127,0.0056143381559058516,0.0013264645093623716,0.004442113705771663,0.0008020483079865503,0.00015424005922818276,0.015084677792516273,0.06663170558657494,0.0003084801184563655,0.002097664805503285,0.00024678409476509237,0.0,0.007650306937717864,0.006508930499429312,0.00438041768208039,0.01483789369775118
seneca.ad_lucilium_epistulae_morales.part.1.1-10.txt,5110,393,12.994910941475826,0.3791348600508906,4.5,0.0035225048923679062,0.0,0.0,0.08923679060665363,0.003913894324853229,0.0426614481409002,0.0015655577299412916,0.010176125244618396,0.006066536203522505,0.009980430528375734,0.00684931506849315,0.005088062622309198,0.0,0.038356164383561646,0.046966731898238745,0.0,0.0027397260273972603,0.0,0.0,0.009001956947162427,0.009589041095890411,0.0031311154598825833,0.009980430528375734
seneca.ad_lucilium_epistulae_morales.part.10.91-100.txt,17046,1200,14.195833333333333,0.37166666666666665,4.5220949263502455,0.004517188783292268,0.00017599436818021823,0.00017599436818021823,0.10102076733544527,0.0017012788924087763,0.04323594978294028,0.0005279831045406547,0.010794321248386718,0.005162501466619735,0.011028980405960342,0.005279831045406547,0.004223864836325237,0.00017599436818021823,0.020415346708905314,0.05549689076616215,0.0,0.0018772732605889944,0.0,0.00017599436818021823,0.007098439516602135,0.011850287457468028,0.0040478704681450196,0.006570456412061481
seneca.ad_lucilium_epistulae_morales.part.11.101-110.txt,10355,734,14.099455040871934,0.36103542234332425,4.646239554317549,0.0061805890873973925,0.0004828585224529213,9.657170449058426e-05,0.10323515210043457,0.002704007725736359,0.03833896668276195,0.0010622887493964268,0.00840173829068083,0.004635441815548045,0.011781747947851279,0.0043457267020762915,0.005118300338000966,0.0004828585224529213,0.02810236600676002,0.04818928054080154,0.0,0.002607436021245775,9.657170449058426e-05,0.0,0.007629164654756156,0.012844036697247707,0.00386286817962337,0.008305166586190247
seneca.ad_lucilium_epistulae_morales.part.12.111-120.txt,10735,809,13.26452410383189,0.32509270704573545,4.479674796747967,0.007824871914299023,0.0001863064741499767,0.0001863064741499767,0.10041918956683744,0.0022356776897997205,0.04471355379599441,0.0010246856078248718,0.006148113646949231,0.0027945971122496508,0.012389380530973451,0.004191895668374476,0.004750815090824406,0.0004657661853749418,0.028598043782021427,0.04648346530041919,0.0,0.0027945971122496508,0.0001863064741499767,0.0004657661853749418,0.008011178388449,0.012016767582673497,0.0016767582673497905,0.008756404285048905
seneca.ad_lucilium_epistulae_morales.part.13.121-124.txt,4748,348,13.64367816091954,0.3706896551724138,4.650887573964497,0.005475989890480202,0.00021061499578770007,0.0,0.09435551811288964,0.002527379949452401,0.04465037910699242,0.0010530749789385003,0.008845829823083403,0.004212299915754001,0.012215669755686605,0.002737994945240101,0.0029486099410278013,0.0,0.02527379949452401,0.05581297388374052,0.0,0.0021061499578770007,0.0,0.0,0.011373209772535805,0.010320134793597304,0.002527379949452401,0.005265374894692502
seneca.ad_lucilium_epistulae_morales.part.2.11-20.txt,7161,552,12.971014492753623,0.3333333333333333,4.904761904761905,0.003491132523390588,0.00013964530093562352,0.00013964530093562352,0.10138248847926268,0.0022343248149699763,0.0421728808825583,0.00041893590280687055,0.011450914676721128,0.0044686496299399525,0.011590559977656753,0.003770423125261835,0.0047479402318111995,0.00041893590280687055,0.036447423544197735,0.05557882977237816,0.00013964530093562352,0.0018153889121631057,0.0,0.0,0.006423683843038682,0.012428431783270494,0.0022343248149699763,0.008378718056137411
seneca.ad_lucilium_epistulae_morales.part.3.21-30.txt,7081,521,13.591170825335892,0.3800383877159309,4.1063829787234045,0.00536647366191216,0.00028244598220590313,0.0,0.08882926140375653,0.004801581697500353,0.04533258014404745,0.0014122299110295156,0.014404745092501059,0.005084027679706256,0.009744386386103658,0.006778703572941675,0.005648919644118062,0.00014122299110295156,0.037424092642282164,0.049992938850444854,0.0,0.0016946758932354187,0.00014122299110295156,0.00014122299110295156,0.00536647366191216,0.012568846208162688,0.0021183448665442733,0.009744386386103658
seneca.ad_lucilium_epistulae_morales.part.4.31-40.txt,4221,336,12.5625,0.375,4.3563829787234045,0.0040274816394219376,0.0,0.00023691068467187872,0.10305614783226724,0.0018952854773750297,0.04619758351101635,0.00047382136934375743,0.010660980810234541,0.0042643923240938165,0.012319355602937692,0.0035536602700781805,0.007581141909500119,0.00023691068467187872,0.035062781331438045,0.048566690357735136,0.0,0.0011845534233593934,0.00047382136934375743,0.00023691068467187872,0.008528784648187633,0.01279317697228145,0.003316749585406302,0.00734423122482824
seneca.ad_lucilium_epistulae_morales.part.5.41-50.txt,5501,433,12.699769053117782,0.3325635103926097,4.372093023255814,0.006362479549172878,0.00018178512997636792,0.00036357025995273584,0.08525722595891656,0.0021814215597164154,0.04871841483366661,0.0014542810398109434,0.006362479549172878,0.005089983639338302,0.01236138883839302,0.005453553899291038,0.006907834939101982,0.0005453553899291038,0.040174513724777317,0.054899109252863114,0.0,0.002544991819669151,0.0,0.00036357025995273584,0.004726413379385566,0.013088529358298491,0.003272132339574623,0.008362115978912925
seneca.ad_lucilium_epistulae_morales.part.6.51-60.txt,7741,572,13.533216783216783,0.3741258741258741,4.47766323024055,0.002325280971450717,0.000516729104766826,0.0001291822761917065,0.09675752486758817,0.0034879214571760754,0.04224260431468802,0.0016793695904921844,0.007363389742927271,0.004650561942901434,0.010722128923911639,0.004004650561942901,0.0027128278000258365,0.0003875468285751195,0.03294148042888516,0.05051026999095724,0.0,0.004650561942901434,0.0001291822761917065,0.0,0.007105025190543858,0.010980493476295053,0.004650561942901434,0.009042759333419454
seneca.ad_lucilium_epistulae_morales.part.7.61-70.txt,9181,708,12.966101694915254,0.3587570621468927,4.629411764705883,0.004465744472279708,0.0,0.0,0.09704825182441999,0.0022873325345822895,0.04476636531968195,0.0006535235813092256,0.008495806557019932,0.0043568238753948375,0.010892059688487093,0.0034854591003158695,0.003376538503430999,0.0005446029844243547,0.027230149221217734,0.05598518679882366,0.0,0.0023962531314671606,0.0004356823875394837,0.0,0.006970918200631739,0.01045637730094761,0.004574665069164579,0.007951203572595577
seneca.ad_lucilium_epistulae_morales.part.8.71-80.txt,12747,920,13.855434782608695,0.375,4.715447154471545,0.004236290891974582,0.0002353494939985879,0.0,0.10551502314270024,0.0020396956146544287,0.044167255040401664,0.0006275986506629011,0.009100180434612066,0.004706989879971758,0.010120028241939279,0.0063544363379618735,0.0025888444339844667,0.00039224915666431315,0.024868596532517454,0.051070840197693576,0.0,0.0018043461206558406,0.0,7.844983133286264e-05,0.006511336000627599,0.015925315760571115,0.0024319447713187416,0.0060406370126304225
seneca.ad_lucilium_epistulae_morales.part.9.81-90.txt,18235,1308,13.940366972477063,0.38914373088685017,4.702158273381295,0.004661365505895256,0.00038387715930902113,0.00016451878256100905,0.09777899643542638,0.0020839045791061148,0.04112969564025226,0.0009322731011790513,0.008445297504798464,0.004825884288456266,0.010474362489717576,0.004112969564025226,0.004058129969838223,0.0004387167534960241,0.018426103646833013,0.056868659171922124,0.0,0.0018645462023581026,0.00027419797093501506,5.4839594187003014e-05,0.005977515766383328,0.010967918837400604,0.004222648752399232,0.007129147244310392
seneca.de_beneficiis.part.1.txt,3987,219,18.200913242009133,0.54337899543379,4.5828877005347595,0.0072736393278154,0.0,0.00025081514923501377,0.11487333834963631,0.0030097817908201654,0.03486330574366692,0.0015048908954100827,0.011035866566340606,0.007022824178580386,0.007022824178580386,0.004263857536995234,0.003511412089290193,0.0,0.024579884625031353,0.04790569350388763,0.0,0.0017557060446450965,0.0,0.0,0.009781790820165538,0.011035866566340606,0.0027589666415851516,0.009530975670930524
seneca.de_beneficiis.part.2.txt,6358,360,17.66111111111111,0.5444444444444444,4.091772151898734,0.0042466184334696445,0.0004718464926077383,0.0,0.09185278389430639,0.003302925448254168,0.03884869455803712,0.0007864108210128972,0.017772884554891476,0.005976722239698019,0.008493236866939289,0.004403900597672224,0.0014155394778232148,0.00015728216420257942,0.025951557093425604,0.04340987731991192,0.0,0.003302925448254168,0.00031456432840515884,0.00031456432840515884,0.00833595470273671,0.014627241270839886,0.003932054105064486,0.013211701793016672
seneca.de_beneficiis.part.3.txt,6716,384,17.489583333333332,0.4505208333333333,4.388111888111888,0.004169148302561048,0.0,0.0,0.09678379988088148,0.0026801667659321023,0.04020250148898154,0.0002977963073257892,0.008189398451459202,0.00521143537820131,0.015038713519952352,0.005062537224538415,0.0023823704586063135,0.0001488981536628946,0.021739130434782608,0.05360333531864205,0.0,0.004318046456223943,0.0004466944609886837,0.0004466944609886837,0.00684931506849315,0.015336509827278142,0.003275759380583681,0.008933889219773675
seneca.de_beneficiis.part.4.txt,7715,440,17.53409090909091,0.42954545454545456,4.4397394136807815,0.006221646143875567,0.0,0.0,0.1033052495139339,0.002981205443940376,0.046403110823071934,0.0006480881399870382,0.012054439403758912,0.005314322747893714,0.017239144523655218,0.005443940375891122,0.004795852235904083,0.0,0.026182760855476345,0.049773169151004534,0.0,0.002721970187945561,0.0006480881399870382,0.00012961762799740766,0.009332469215813351,0.013350615683732988,0.004018146467919637,0.008943616331821128
seneca.de_beneficiis.part.5.txt,6538,373,17.52278820375335,0.450402144772118,4.741312741312742,0.003517895380850413,0.000611807892321811,0.0,0.10416029366778831,0.0027531355154481493,0.03747323340471092,0.0013765677577240747,0.010247782196390333,0.005200367084735393,0.013000917711838483,0.005659223003976751,0.0013765677577240747,0.00015295197308045274,0.03472009788926277,0.05414499847048027,0.0,0.0027531355154481493,0.00015295197308045274,0.000611807892321811,0.015142245334964822,0.016518813092688895,0.0027531355154481493,0.009024166411746712
seneca.de_beneficiis.part.6.txt,7936,428,18.542056074766354,0.49065420560747663,4.343575418994414,0.0045362903225806455,0.00012600806451612903,0.0,0.10257056451612903,0.0031502016129032256,0.044732862903225805,0.0020161290322580645,0.008316532258064516,0.005040322580645161,0.011088709677419355,0.004662298387096774,0.00516633064516129,0.00012600806451612903,0.038306451612903226,0.04826108870967742,0.0,0.0028981854838709678,0.0006300403225806451,0.00012600806451612903,0.0071824596774193545,0.014616935483870967,0.0022681451612903227,0.011844758064516129
seneca.de_beneficiis.part.7.txt,6375,344,18.531976744186046,0.49127906976744184,4.578544061302682,0.0045490196078431374,0.0,0.00015686274509803922,0.09913725490196078,0.0025098039215686275,0.05019607843137255,0.000784313725490196,0.00831372549019608,0.005647058823529412,0.008627450980392156,0.0017254901960784314,0.0037647058823529413,0.00031372549019607844,0.02588235294117647,0.05192156862745098,0.0,0.002196078431372549,0.00047058823529411766,0.0,0.006274509803921568,0.01647058823529412,0.0034509803921568627,0.008941176470588235
seneca.de_brevitate_vitae.txt,6189,337,18.356083086053413,0.44510385756676557,5.357446808510638,0.005332040717401842,0.00016157699143641945,0.0,0.07836484084666344,0.002100500888673453,0.04572628857650671,0.0025852318629827112,0.008240426563257392,0.00290838584585555,0.012118274357731459,0.005332040717401842,0.004039424785910487,0.00016157699143641945,0.022297624818225885,0.060429794797220875,0.0,0.003231539828728389,0.0003231539828728389,0.00016157699143641945,0.00904831152043949,0.006301502666020358,0.006301502666020358,0.0066246566488931975
seneca.de_clementia.txt,8356,378,22.1005291005291,0.5291005291005291,4.935779816513762,0.003709909047391096,0.0,0.00011967448539971278,0.09849210148396362,0.002752513164193394,0.03530397319291527,0.00035902345619913834,0.011010052656773576,0.004427955959789373,0.006701771182383916,0.0035902345619913834,0.001675442795595979,0.001077070368597415,0.021900430828147438,0.05516993776926759,0.00011967448539971278,0.0015557683101962662,0.00011967448539971278,0.0,0.009693633317376736,0.010531354715174725,0.003350885591191958,0.008736237434179034
seneca.de_consolatione_ad_helviam.txt,6771,361,18.742382271468145,0.481994459833795,5.054054054054054,0.004578348840643923,0.0001476886722788362,0.0001476886722788362,0.07783193029094669,0.001476886722788362,0.044306601683650866,0.0019199527396248708,0.009009009009009009,0.005169103529759267,0.008122876975335992,0.006202924235711121,0.0031014621178555605,0.000738443361394181,0.03145768719539211,0.057598582188746125,0.0,0.0025107074287402157,0.0001476886722788362,0.0002953773445576724,0.008122876975335992,0.007532122286220647,0.005316792202038104,0.005907546891153448
seneca.de_consolatione_ad_marciam.txt,8192,408,20.044117647058822,0.4264705882352941,5.294776119402985,0.0035400390625,0.00048828125,0.0,0.0931396484375,0.001953125,0.0361328125,0.001220703125,0.004638671875,0.003662109375,0.0079345703125,0.0052490234375,0.002685546875,0.0001220703125,0.0274658203125,0.055908203125,0.0001220703125,0.001708984375,0.000244140625,0.0,0.0069580078125,0.0091552734375,0.006591796875,0.0069580078125
seneca.de_consolatione_ad_polybium.txt,5674,279,20.32616487455197,0.46953405017921146,5.185714285714286,0.00634473034896017,0.0008812125484666902,0.00017624250969333803,0.08741628480789566,0.0015861825872400424,0.05340148043708142,0.00017624250969333803,0.009164610504053579,0.008459640465280225,0.0066972153683468455,0.006168487839266831,0.0026436376454000705,0.00035248501938667606,0.04035953471977441,0.04793796263658794,0.0,0.0007049700387733521,0.00017624250969333803,0.0,0.007578427916813535,0.010398308071906944,0.0042298202326401125,0.0068734578780401834
seneca.de_constantia.txt,5292,252,20.988095238095237,0.5238095238095238,5.571428571428571,0.003779289493575208,0.0001889644746787604,0.0003779289493575208,0.12037037037037036,0.0022675736961451248,0.041383219954648526,0.0007558578987150416,0.006991685563114134,0.006235827664399093,0.007747543461829176,0.0024565381708238853,0.0022675736961451248,0.0003779289493575208,0.021352985638699924,0.050831443688586546,0.0,0.003212396069538927,0.0001889644746787604,0.0,0.008881330309901738,0.01436130007558579,0.0020786092214663643,0.009070294784580499
seneca.de_ira.txt,22413,1329,16.84048156508653,0.3935289691497366,5.074585635359116,0.005220184714228349,0.00044616963369473075,0.0,0.10944541114531744,0.002364699058582073,0.033507339490474276,0.0018292954981483961,0.009994199794761969,0.004863249007272565,0.012091197073127204,0.0044170793735778344,0.002810868692276804,0.0002677017802168384,0.018962209432026058,0.05175567750858877,0.0,0.003926292776513631,0.0003569357069557846,4.461696336947308e-05,0.008387989113460937,0.011065006915629323,0.004372462410208361,0.008164904296613573
seneca.de_otio.txt,1962,97,20.20618556701031,0.5154639175257731,5.092105263157895,0.0061162079510703364,0.0010193679918450561,0.0,0.109072375127421,0.0005096839959225281,0.045871559633027525,0.0,0.00815494393476045,0.004077471967380225,0.010703363914373088,0.00764525993883792,0.0010193679918450561,0.0,0.0290519877675841,0.06625891946992865,0.0,0.0025484199796126403,0.0005096839959225281,0.0,0.011722731906218144,0.01529051987767584,0.0030581039755351682,0.00815494393476045
seneca.de_providentia.txt,4094,251,16.306772908366533,0.38247011952191234,5.136690647482014,0.0014655593551538837,0.0,0.0,0.08549096238397655,0.0012212994626282364,0.035417684416218856,0.0014655593551538837,0.008793356130923302,0.004152418172936004,0.015144113336590131,0.006839276990718124,0.0039081582804103565,0.0,0.022227650219833903,0.052515876893014166,0.0,0.0029311187103077674,0.0,0.0002442598925256473,0.007083536883243771,0.012457254518808011,0.00537371763556424,0.006839276990718124
seneca.de_tranquillitate_animi.txt,7555,369,20.466124661246614,0.44986449864498645,5.438247011952191,0.003970880211780278,0.00013236267372600927,0.0,0.11436135009927201,0.0010589013898080742,0.029516876240900065,0.0003970880211780278,0.012839179351422899,0.005029781601588352,0.0068828590337524816,0.004632693580410324,0.0010589013898080742,0.00013236267372600927,0.02925215089344805,0.05188616810059563,0.0,0.004632693580410324,0.00013236267372600927,0.0,0.012839179351422899,0.00900066181336863,0.0026472534745201853,0.007809397749834547
seneca.de_vita_beata.txt,7313,396,18.404040404040405,0.4318181818181818,5.1050583657587545,0.005743197046355805,0.0002734855736359907,0.0,0.117735539450294,0.0012306850813619582,0.0381512375222207,0.0006837139340899768,0.005606454259537809,0.006290168193627786,0.012853821960891562,0.004922740325447833,0.0034185696704498838,0.00041022836045398605,0.029262956379051006,0.05415014357992616,0.0,0.0021878845890879258,0.0005469711472719814,0.0002734855736359907,0.007520853274989745,0.011212908519075618,0.0024613701627239164,0.0068371393408997675
seneca_the_elder.controversiae.part.1.txt,15836,1244,12.607717041800644,0.28938906752411575,4.854251012145749,0.0020838595604950744,0.0005051780752715333,0.0,0.06939883809042688,0.003978277342763324,0.04319272543571609,0.001073503409952008,0.007009345794392523,0.004420308158625916,0.015344784036372822,0.002904773932811316,0.0030310684516291994,0.0005051780752715333,0.03018438999747411,0.05159131093710533,0.0,0.001641828744632483,0.00012629451881788332,0.0,0.005051780752715332,0.012250568325334681,0.0027784794139934328,0.008588027279616064
seneca_the_elder.controversiae.part.10.txt,10625,893,11.786114221724524,0.25755879059350506,5.010238907849829,0.0027294117647058825,9.411764705882353e-05,9.411764705882353e-05,0.06983529411764706,0.0036705882352941178,0.046211764705882355,0.0010352941176470587,0.005270588235294118,0.0046117647058823525,0.01581176470588235,0.0032,0.0048,0.0012235294117647058,0.027670588235294117,0.04941176470588235,0.0,0.0016941176470588236,0.00028235294117647056,9.411764705882353e-05,0.0042352941176470585,0.01543529411764706,0.003011764705882353,0.0075294117647058826
seneca_the_elder.controversiae.part.2.txt,14042,1152,12.03125,0.2743055555555556,4.73838630806846,0.002207662726107392,0.00035607463324312775,0.0001424298532972511,0.07185586098846318,0.004344110525566158,0.04109101267625694,0.0008545791197835066,0.00705027773821393,0.0037031761857285288,0.016735507762427004,0.002421307506053269,0.003347101552485401,0.0002848597065945022,0.02991026919242273,0.050562597920524144,0.0,0.0012106537530266344,0.0001424298532972511,0.0,0.004628970232160661,0.014527845036319613,0.0023500925794046434,0.008830650904429568
seneca_the_elder.controversiae.part.7.txt,14188,1263,11.149643705463182,0.27078384798099764,4.543123543123543,0.002537355511700028,0.000281928390188892,0.0,0.06879052720608965,0.0039469974626444885,0.03939949252889766,0.00070482097547223,0.0052861573160417254,0.0060614603890611785,0.01522413307020017,0.0023963913166055823,0.0026783197067944743,0.00042289258528333803,0.028756695799266985,0.047927826332111644,0.0,0.002255427121511136,0.000140964195094446,0.0,0.005215675218494502,0.012052438680575133,0.002466873414152805,0.007893994925288977
seneca_the_elder.controversiae.part.8.txt,11280,973,11.503597122302159,0.27646454265159304,5.054054054054054,0.002304964539007092,0.0,0.0,0.07065602836879432,0.004166666666666667,0.042907801418439716,0.002304964539007092,0.0031028368794326243,0.007446808510638298,0.01578014184397163,0.003280141843971631,0.003989361702127659,0.0001773049645390071,0.028900709219858156,0.051684397163120566,8.865248226950355e-05,0.0013297872340425532,8.865248226950355e-05,0.0001773049645390071,0.005407801418439716,0.011436170212765957,0.0018617021276595746,0.00948581560283688
seneca_the_elder.excerpta_controversiae.txt,21200,2278,9.266022827041263,0.23968393327480245,4.566009104704097,0.0019339622641509433,0.00033018867924528304,9.433962264150943e-05,0.06320754716981132,0.0029245283018867925,0.03278301886792453,0.0013679245283018868,0.004811320754716981,0.005424528301886792,0.014150943396226415,0.002688679245283019,0.0030188679245283017,0.0003773584905660377,0.027971698113207547,0.05363207547169811,9.433962264150943e-05,0.0032075471698113206,4.7169811320754715e-05,0.0,0.005424528301886792,0.013066037735849056,0.0018396226415094339,0.010047169811320755
seneca_the_elder.fragmenta.txt,151,9,16.444444444444443,0.1111111111111111,6.333333333333333,0.0,0.0,0.0,0.1456953642384106,0.0,0.019867549668874173,0.0,0.0,0.006622516556291391,0.0,0.006622516556291391,0.0,0.0,0.013245033112582781,0.059602649006622516,0.0,0.013245033112582781,0.0,0.0,0.006622516556291391,0.013245033112582781,0.0,0.006622516556291391
seneca_the_elder.suasoriae.txt,10252,640,15.896875,0.3265625,5.697841726618705,0.003316426063207179,0.00019508388607101054,0.0003901677721420211,0.07510729613733906,0.003609051892313695,0.04106515801794772,9.754194303550527e-05,0.008388607101053453,0.0055598907530238,0.009754194303550527,0.0052672649239172845,0.0023410066328521262,0.0008778774873195475,0.0203862660944206,0.05111197815060476,0.0,0.0011705033164260631,0.0003901677721420211,0.0,0.004486929379633242,0.012192742879438159,0.0046820132657042525,0.010632071790870074
suetonius.de_vita_caesarum.part.1.julius.txt,9758,359,27.16434540389972,0.5543175487465181,6.2457337883959045,0.0031768805083008814,0.00010248001639680262,0.0012297601967616314,0.10258249641319943,0.0025620004099200654,0.018138962902234063,0.0007173601147776184,0.008813281410125025,0.007173601147776184,0.0005124000819840131,0.0031768805083008814,0.00020496003279360525,0.0,0.011580241852838697,0.08259889321582291,0.00010248001639680262,0.003484320557491289,0.0005124000819840131,0.0,0.010657921705267474,0.005226480836236934,0.006866161098585776,0.009838081574093051
suetonius.de_vita_caesarum.part.10.vespasian.txt,3219,126,25.53174603174603,0.4365079365079365,6.17910447761194,0.0021745883814849334,0.00031065548306927616,0.0009319664492078285,0.10220565392979186,0.0031065548306927616,0.019881950916433674,0.0009319664492078285,0.007766387076731904,0.004659832246039142,0.00031065548306927616,0.003417210313762038,0.0,0.0,0.010872941907424665,0.0770425598011805,0.00031065548306927616,0.006213109661385523,0.00031065548306927616,0.0,0.010251630941286114,0.004349176762969867,0.007145076110593352,0.01056228642435539
suetonius.de_vita_caesarum.part.11.titus.txt,1490,55,27.054545454545455,0.5272727272727272,5.5476190476190474,0.0020134228187919465,0.0,0.0006711409395973154,0.12080536912751678,0.0020134228187919465,0.014093959731543624,0.0013422818791946308,0.010067114093959731,0.009395973154362415,0.0,0.0026845637583892616,0.0,0.0,0.012751677852348993,0.07919463087248323,0.0006711409395973154,0.0026845637583892616,0.0013422818791946308,0.0,0.012751677852348993,0.004697986577181208,0.010067114093959731,0.012080536912751677
suetonius.de_vita_caesarum.part.12.domitian.txt,3585,136,26.345588235294116,0.5441176470588235,6.226415094339623,0.0016736401673640166,0.0,0.0008368200836820083,0.10571827057182706,0.0016736401673640166,0.015899581589958158,0.0011157601115760112,0.00697350069735007,0.0041841004184100415,0.0002789400278940028,0.0041841004184100415,0.0,0.0,0.012552301255230125,0.07419804741980474,0.0005578800557880056,0.002510460251046025,0.0008368200836820083,0.0,0.011436541143654114,0.002789400278940028,0.007810320781032078,0.010878661087866108
suetonius.de_vita_caesarum.part.2.augustus.txt,13878,549,25.262295081967213,0.4517304189435337,6.238938053097345,0.0033145986453379447,7.205649228995533e-05,0.00108084738434933,0.1143536532641591,0.002449920737858481,0.018086179564778787,0.0006485084306095979,0.008430609597924773,0.006340971321516069,0.0007205649228995533,0.00324254215304799,0.00014411298457991066,7.205649228995533e-05,0.01232166018158236,0.07623576884277274,0.0005764519383196426,0.00324254215304799,0.00021616947686986597,7.205649228995533e-05,0.009727626459143969,0.005476293414036605,0.00432338953739732,0.010448191382043523
suetonius.de_vita_caesarum.part.3.tiberius.txt,9317,371,25.09433962264151,0.49326145552560646,6.713709677419355,0.0021466137168616507,0.0,0.0010733068584308253,0.10625737898465171,0.0034345819469786413,0.01728024042073629,0.0006439841150584952,0.007513148009015778,0.0063325104647418695,0.0003219920575292476,0.003005259203606311,0.00010733068584308254,0.0,0.01695824836320704,0.07491681871847161,0.0003219920575292476,0.004400558119566384,0.0011806375442739079,0.00021466137168616508,0.012557690243640656,0.005473864977997209,0.004829880862938714,0.012235698186111409
suetonius.de_vita_caesarum.part.4.caligula.txt,7771,299,25.963210702341136,0.46488294314381273,6.809523809523809,0.0019302535066272038,0.00012868356710848025,0.001029468536867842,0.11092523484750998,0.0025736713421696047,0.01634281302277699,0.0002573671342169605,0.008107064727834255,0.004375241281688328,0.00038605070132544073,0.0027023549092780852,0.0002573671342169605,0.0,0.012868356710848025,0.07386436752026766,0.000514734268433921,0.0033457727448204864,0.0009007849697593617,0.00012868356710848025,0.011967571741088662,0.004246557714579848,0.006434178355424013,0.01068073607000386
suetonius.de_vita_caesarum.part.5.claudius.txt,6563,275,23.865454545454547,0.43636363636363634,5.839506172839506,0.0013713240895931737,0.0,0.0007618467164406522,0.1097059271674539,0.0033521255523388696,0.016608258418406217,0.00030473868657626083,0.008227944537559043,0.004266341612067652,0.0007618467164406522,0.003961602925491391,0.0,0.0,0.013713240895931738,0.08273655340545483,0.0,0.004875818985220173,0.0007618467164406522,0.0,0.011275331403321652,0.005485296358372695,0.0044187109553557825,0.009599268627152217
suetonius.de_vita_caesarum.part.6.nero.txt,7947,308,25.785714285714285,0.44155844155844154,6.201117318435754,0.0022650056625141564,0.0,0.0016358374229268906,0.1087202718006795,0.0022650056625141564,0.017490877060525985,0.0005033345916698125,0.00843085441046936,0.005410846860450485,0.0006291682395872657,0.003271674845853781,0.00012583364791745311,0.0,0.01245753114382786,0.07386435132754499,0.00037750094375235937,0.004278344029193406,0.0007550018875047187,0.0,0.011450861960488234,0.0035233421416886877,0.005410846860450485,0.01245753114382786
suetonius.de_vita_caesarum.part.7.galba.txt,2872,100,28.68,0.53,6.819444444444445,0.0006963788300835655,0.0,0.0006963788300835655,0.10271587743732591,0.0017409470752089136,0.02054317548746518,0.0,0.004874651810584958,0.004526462395543176,0.0006963788300835655,0.0031337047353760445,0.0,0.0,0.009401114206128134,0.07729805013927576,0.0,0.0020891364902506965,0.0006963788300835655,0.0,0.008008356545961003,0.002785515320334262,0.005919220055710306,0.012534818941504178
suetonius.de_vita_caesarum.part.8.otho.txt,1671,59,28.322033898305083,0.5084745762711864,5.657894736842105,0.002992220227408737,0.0,0.0005984440454817474,0.118491921005386,0.002992220227408737,0.017953321364452424,0.0,0.007779772591262717,0.007779772591262717,0.0005984440454817474,0.003590664272890485,0.0,0.0,0.010771992818671455,0.07121484141232795,0.0005984440454817474,0.004189108318372232,0.0011968880909634949,0.0,0.010771992818671455,0.0047875523638539795,0.006582884500299222,0.012567324955116697
suetonius.de_vita_caesarum.part.9.vitellius.txt,2404,80,30.025,0.45,6.22,0.004159733777038269,0.0,0.0020798668885191347,0.10856905158069884,0.0029118136439267887,0.016638935108153077,0.0,0.007071547420965058,0.0066555740432612314,0.0,0.0033277870216306157,0.0,0.0,0.009983361064891847,0.07737104825291181,0.0,0.004991680532445923,0.00041597337770382697,0.0,0.009151414309484194,0.004575707154742097,0.005823627287853577,0.00956738768718802
tacitus.agricola.txt,6737,294,22.91496598639456,0.41156462585034015,5.885135135135135,0.0029686804215526197,0.0,0.00014843402107763098,0.12438770966305478,0.0010390381475434169,0.014694968086685469,0.00029686804215526197,0.007718569096036812,0.0047498886744841914,0.0007421701053881549,0.006679530948493394,0.00014843402107763098,0.0,0.009202909306813122,0.05625649398842215,0.0,0.0014843402107763098,0.00014843402107763098,0.00029686804215526197,0.003413982484785513,0.007273267032803918,0.006234228885260502,0.007718569096036812
tacitus.annales.part.1.txt,10751,508,21.161417322834644,0.41141732283464566,6.136,0.004650730164635848,9.301460329271696e-05,0.00027904380987815085,0.10417635568784299,0.0011161752395126034,0.019067993675006976,0.0011161752395126034,0.008092270486466374,0.006883080643661055,0.002697423495488792,0.0038135987350013953,0.00027904380987815085,9.301460329271696e-05,0.007813226676588224,0.06324993023904753,0.0,0.0016742628592689053,0.00027904380987815085,0.00018602920658543392,0.005394846990977584,0.007255139056831923,0.0020463212724397732,0.00883638731280811
tacitus.annales.part.11.txt,4688,215,21.795348837209303,0.4372093023255814,6.423728813559322,0.0029863481228668944,0.0004266211604095563,0.0004266211604095563,0.10516211604095563,0.0008532423208191126,0.022610921501706484,0.0010665529010238908,0.008959044368600682,0.00938566552901024,0.0017064846416382253,0.002559726962457338,0.0,0.0004266211604095563,0.0074658703071672355,0.06356655290102389,0.0,0.0017064846416382253,0.0010665529010238908,0.00021331058020477816,0.004266211604095563,0.007039249146757679,0.0040529010238907846,0.006612627986348123
tacitus.annales.part.12.txt,7403,341,21.70967741935484,0.41642228739002934,6.177142857142857,0.0021612859651492637,0.0,0.00040524111846548696,0.10914494124003782,0.0010806429825746318,0.021883020397136296,0.001215723355396461,0.008239902742131568,0.0066189382682696205,0.00027016074564365796,0.0031068485749020667,0.0,0.0,0.007159259759556937,0.05713899770363366,0.0,0.00040524111846548696,0.0009455626097528029,0.0,0.004457652303120356,0.007564500878022423,0.00135080372821829,0.007024179386735108
tacitus.annales.part.13.txt,7586,327,23.195718654434252,0.5137614678899083,6.133333333333334,0.003822831531769048,0.0,0.00039546533087266017,0.10664381755866069,0.0007909306617453203,0.024255206960189825,0.0010545742156604272,0.00896388083311363,0.007118375955707883,0.0014500395465330872,0.0032955444239388346,0.0,0.0,0.0069865541787503295,0.057737938307408386,0.0001318217769575534,0.0015818613234906407,0.0007909306617453203,0.0001318217769575534,0.005536514632217242,0.007118375955707883,0.0019773266543633007,0.008700237279198523
tacitus.annales.part.14.txt,8023,380,21.11315789473684,0.45526315789473687,6.624413145539906,0.0026174747600648134,0.0,0.0004985666209647265,0.11080643150941044,0.0007478499314470896,0.02106443973575969,0.0017449831733765424,0.007977065935435623,0.006606007727782625,0.003365324691511903,0.003739249657235448,0.0001246416552411816,0.0,0.009597407453570983,0.05309734513274336,0.0001246416552411816,0.000997133241929453,0.0008724915866882712,0.0002492833104823632,0.005858157796335535,0.007229216003988533,0.0012464165524118161,0.0076031409697120775
tacitus.annales.part.15.txt,9123,384,23.7578125,0.4817708333333333,6.304166666666666,0.0031787789104461253,0.00010961306587745259,0.00043845226350981036,0.11290145785377617,0.0005480653293872629,0.01940151266030911,0.0021922613175490518,0.008111366874931492,0.005261427162117725,0.0006576783952647156,0.003507618108078483,0.0,0.0,0.007672914611421682,0.057985311849172425,0.0,0.0012057437246519786,0.0008769045270196207,0.0,0.006028718623259892,0.005371040227995177,0.001644195988161789,0.007124849282034418
tacitus.annales.part.16.txt,3837,174,22.051724137931036,0.4885057471264368,6.080357142857143,0.003388063591347407,0.0,0.00026062027625749283,0.11441230127703936,0.0007818608287724785,0.022673964034401875,0.0020849622100599426,0.009903570497784727,0.008079228563982278,0.0005212405525149857,0.003909304143862392,0.0007818608287724785,0.0,0.008079228563982278,0.05603335939536096,0.0,0.0013031013812874641,0.0005212405525149857,0.0,0.005994266353922335,0.006254886630179828,0.0010424811050299713,0.00833984884023977
tacitus.annales.part.2.txt,10290,481,21.39293139293139,0.3970893970893971,6.025862068965517,0.0037900874635568515,0.00019436345966958212,0.00048590864917395527,0.10777453838678329,0.0011661807580174927,0.020602526724975704,0.0010689990281827016,0.00816326530612245,0.006511175898931001,0.0007774538386783285,0.0022351797862001943,0.00019436345966958212,0.0,0.007580174927113703,0.06345966958211856,0.0,0.001652089407191448,0.00019436345966958212,0.00019436345966958212,0.005636540330417881,0.007482993197278911,0.002137998056365403,0.008940719144800777
tacitus.annales.part.3.txt,9284,444,20.90990990990991,0.4144144144144144,6.83982683982684,0.0033390779836277467,0.0,0.000969409737182249,0.11105127100387764,0.001184834123222749,0.022619560534252476,0.0006462731581214993,0.010878931495045239,0.007970702283498492,0.002046531667384748,0.003877638948728996,0.00032313657906074967,0.00010771219302024989,0.007862990090478241,0.06193451098664369,0.0,0.0012925463162429987,0.00021542438604049978,0.00021542438604049978,0.004631624299870745,0.007324429125376993,0.002692804825506247,0.009478672985781991
tacitus.annales.part.4.txt,10004,443,22.5823927765237,0.4650112866817156,6.429133858267717,0.003998400639744102,0.00019992003198720512,0.00039984006397441024,0.10875649740103958,0.0013994402239104358,0.02538984406237505,0.0009996001599360256,0.00899640143942423,0.0054978008796481405,0.0009996001599360256,0.003698520591763295,0.00039984006397441024,0.0,0.008296681327469012,0.06127548980407837,0.0,0.0014994002399040384,0.00039984006397441024,0.0002998800479808077,0.005197920831667333,0.006697321071571371,0.0013994402239104358,0.009896041583366653
tacitus.annales.part.5.txt,1025,44,23.295454545454547,0.4090909090909091,6.380952380952381,0.002926829268292683,0.0,0.0,0.10926829268292683,0.001951219512195122,0.027317073170731707,0.001951219512195122,0.006829268292682927,0.007804878048780488,0.000975609756097561,0.001951219512195122,0.0,0.0,0.00975609756097561,0.06829268292682927,0.0,0.001951219512195122,0.000975609756097561,0.000975609756097561,0.003902439024390244,0.004878048780487805,0.003902439024390244,0.007804878048780488
tacitus.annales.part.6.txt,6891,294,23.43877551020408,0.4489795918367347,6.564705882352941,0.00261210274270788,0.00014511681903932666,0.0008707009142359599,0.10651574517486577,0.0008707009142359599,0.020606588303584385,0.0020316354665505733,0.008997242780438253,0.0072558409519663325,0.0014511681903932665,0.0021767522855899,0.0,0.0,0.007546074590044986,0.06298069946306777,0.0,0.0010158177332752866,0.0005804672761573066,0.0,0.0043535045711798,0.00522420548541576,0.002466985923668553,0.006385140037730373
tacitus.de_origine_et_situ_germanorum_liber.txt,5514,297,18.565656565656564,0.3569023569023569,5.541666666666667,0.002720348204570185,0.0,0.000544069640914037,0.13746826260428002,0.0012694958287994198,0.020674646354733407,0.0009067827348567283,0.0041712005803409506,0.007616974972796518,0.000544069640914037,0.005803409503083061,0.0,0.0,0.00544069640914037,0.059666303953572725,0.0,0.0030830612985128765,0.001088139281828074,0.00018135654697134566,0.003808487486398259,0.009067827348567283,0.003808487486398259,0.009793253536452665
tacitus.dialogus_de_oratoribus.txt,9311,335,27.79402985074627,0.5880597014925373,6.888178913738019,0.0033293953388465257,0.000214799699280421,0.000429599398560842,0.14531199656320481,0.003007195789925894,0.031038556546020835,0.000429599398560842,0.006658790677693051,0.005047792933089893,0.0055847921812909465,0.00859198797121684,0.0011813983460423156,0.0,0.01900977338631726,0.05509612286542799,0.0,0.0024701965417248417,0.000644399097841263,0.0005369992482010525,0.0036515948877671573,0.011062184512941681,0.003866394587047578,0.01052518526474063
tacitus.historiae.part.1.txt,11852,504,23.515873015873016,0.3492063492063492,5.9308755760368665,0.003121835977050287,0.00042186972662841717,0.0,0.10757678029024637,0.0012656091798852514,0.013246709416132298,0.001181235234559568,0.00835302058724266,0.005568680391495107,0.0012656091798852514,0.004303071211609855,0.0002531218359770503,0.0,0.008437394532568343,0.06260546743165711,0.0,0.0014343570705366182,0.0,0.0003374957813027337,0.003712453594330071,0.005315558555518056,0.003121835977050287,0.010040499493756329
tacitus.historiae.part.2.txt,12261,556,22.04136690647482,0.33992805755395683,5.546666666666667,0.0027730201451757605,0.00024467824810374357,0.0,0.10113367588288068,0.0008155941603458119,0.01427289780605171,0.0008971535763803931,0.007014109778973983,0.00546448087431694,0.00040779708017290596,0.0068509909469048206,0.0,0.0,0.007177228611043145,0.059619933121278855,0.0,0.0017127477367262051,0.0004893564962074871,0.0003262376641383248,0.004975124378109453,0.004485767881901965,0.003751733137590735,0.007911263355354376
tacitus.historiae.part.3.txt,11228,578,19.41522491349481,0.35294117647058826,5.60337552742616,0.0024937655860349127,0.00017812611328820805,0.0,0.10286783042394015,0.0008015675097969362,0.016921980762379763,0.0016031350195938724,0.00685785536159601,0.0048984681154257215,0.0016921980762379764,0.004987531172069825,0.0,0.0,0.006145350908443177,0.058692554328464555,0.0,0.0010687566797292483,0.0006234413965087282,0.00017812611328820805,0.00552190951193445,0.006056287851799074,0.002760954755967225,0.009173494834342715
tacitus.historiae.part.4.txt,12753,624,20.434294871794872,0.38621794871794873,5.7269736842105265,0.003371755665333647,0.0003920646122480985,0.0,0.10687681329883164,0.0007057163020465773,0.015839410334823178,0.0006273033795969576,0.006037795028620716,0.00784129224496197,0.0018034972163412531,0.0039990590449306045,0.0001568258448992394,0.0,0.009174311926605505,0.05786873676781934,0.0,0.0014114326040931546,0.0002352387673488591,0.0002352387673488591,0.004861601191876421,0.005410491649023759,0.0035285815102328866,0.008390182702109308
tacitus.historiae.part.5.txt,3416,173,19.745664739884393,0.34104046242774566,5.271428571428571,0.002927400468384075,0.0,0.0002927400468384075,0.10275175644028103,0.0008782201405152225,0.016978922716627636,0.0008782201405152225,0.00702576112412178,0.004098360655737705,0.000585480093676815,0.004098360655737705,0.0,0.0,0.00585480093676815,0.05708430913348946,0.0,0.0008782201405152225,0.0002927400468384075,0.0002927400468384075,0.0032201405152224825,0.005269320843091335,0.0026346604215456673,0.006440281030444965
tertullian.apologeticum.txt,19974,1179,16.94147582697201,0.4079728583545377,5.4353741496598635,0.0038049464303594673,0.00025032542304996493,0.0006508460999299089,0.11239611494943426,0.0028036447381596073,0.030489636527485733,0.0013016921998598178,0.010163212175828577,0.005507159307099229,0.010063082006608591,0.007810153199158907,0.0028537098227696006,0.0009512366075898668,0.01807349554420747,0.06934014218484029,0.00010013016921998598,0.0016521477921297688,0.00015019525382997898,5.006508460999299e-05,0.004205467107239411,0.01441874436767798,0.0027535796535496145,0.009562431160508662
tertullian.de_spectaculis.txt,6378,351,18.125356125356124,0.4045584045584046,5.726495726495727,0.0023518344308560675,0.0,0.00015678896205707118,0.11586704296017561,0.0028222013170272815,0.03417999372844152,0.0006271558482282847,0.005487613671997491,0.0042333019755409216,0.009877704609595485,0.008153026026967701,0.0020382565067419253,0.0,0.010191282533709626,0.07980558168704924,0.0,0.0014111006585136407,0.0,0.0,0.00391972405142678,0.010191282533709626,0.001724678582627783,0.008780181875195987
valerius_maximus.facta_et_dicta_memorabilia.part.1.txt,8300,296,27.986486486486488,0.6182432432432432,7.138339920948616,0.0008433734939759036,0.0,0.00048192771084337347,0.07301204819277109,0.004939759036144578,0.031204819277108435,0.0007228915662650603,0.01108433734939759,0.006746987951807229,0.0014457831325301205,0.0038554216867469878,0.00024096385542168674,0.0,0.01216867469879518,0.06385542168674699,0.0006024096385542169,0.0009638554216867469,0.00012048192771084337,0.00012048192771084337,0.009397590361445784,0.002891566265060241,0.0061445783132530124,0.006867469879518072
valerius_maximus.facta_et_dicta_memorabilia.part.2.txt,8868,344,25.71511627906977,0.5755813953488372,7.386759581881533,0.00011276499774470004,0.00011276499774470004,0.0004510599909788002,0.08322056833558863,0.0029318899413622013,0.02943166441136671,0.0004510599909788002,0.014659449706811005,0.007668019846639603,0.002368064952638701,0.0031574199368516014,0.0004510599909788002,0.00011276499774470004,0.011953089760938205,0.05784844384303112,0.00011276499774470004,0.0007893549842129003,0.00033829499323410016,0.0,0.008119079837618403,0.004397834912043302,0.0064276048714479025,0.008231844835363104
valerius_maximus.facta_et_dicta_memorabilia.part.3.txt,9226,348,26.45977011494253,0.5718390804597702,7.144827586206897,0.0009755040104053761,0.00010838933448948623,0.00021677866897897247,0.07944938218079341,0.004552352048558422,0.032625189681335355,0.0010838933448948623,0.012031216128332972,0.006936917407327119,0.0021677866897897246,0.00401040537611099,0.0005419466724474311,0.0,0.017125514849338826,0.05571211792759592,0.00032516800346845873,0.0009755040104053761,0.0005419466724474311,0.00010838933448948623,0.01094732278343811,0.00401040537611099,0.00747886407977455,0.007695642748753523
valerius_maximus.facta_et_dicta_memorabilia.part.4.txt,9259,373,24.777479892761395,0.546916890080429,6.996503496503497,0.0010800302408467436,0.0,0.0005400151204233718,0.0817582892320985,0.004536127011556324,0.037477049357382004,0.00021600604816934875,0.008748244950858623,0.007344205637757857,0.003240090722540231,0.00345609677070958,0.0015120423371854411,0.0003240090722540231,0.013500378010584296,0.05464953018684523,0.00021600604816934875,0.0012960362890160925,0.0004320120963386975,0.00010800302408467438,0.010692299384382762,0.0042121179393023005,0.005724160276487741,0.006804190517334485
valerius_maximus.facta_et_dicta_memorabilia.part.5.txt,9987,381,26.167979002624673,0.5774278215223098,6.788461538461538,0.0016020827075197757,0.00010013016921998598,0.00030039050765995795,0.08430960248322819,0.0034044257534795236,0.03364373685791529,0.00040052067687994393,0.010113147091218584,0.007309502353058977,0.0033042955842595375,0.005106638630219285,0.0007009111845399018,0.00020026033843997197,0.014518874536897968,0.051967557825172726,0.0,0.0006007810153199159,0.0007009111845399018,0.00030039050765995795,0.009612496245118654,0.005106638630219285,0.008611194552918795,0.007710023029938921
valerius_maximus.facta_et_dicta_memorabilia.part.6.txt,8759,380,23.023684210526316,0.5052631578947369,6.862453531598513,0.0014841876926589793,0.0,0.00022833656810138144,0.07592190889370933,0.004338394793926247,0.03641968261217034,0.0005708414202534536,0.007306770179244206,0.008334284735700423,0.0025117022491151957,0.0038817216577234845,0.0006850097043041443,0.0,0.017011074323552918,0.054572439776230164,0.00022833656810138144,0.0006850097043041443,0.0004566731362027629,0.00034250485215207214,0.011530996689119763,0.005023404498230391,0.007306770179244206,0.008220116451649731
valerius_maximus.facta_et_dicta_memorabilia.part.7.txt,7638,301,25.33887043189369,0.5813953488372093,6.98804780876494,0.001440167583136947,0.0,0.00039277297721916735,0.08300602251898402,0.00432050274941084,0.03273108143493061,0.001178318931657502,0.008771929824561403,0.007724535218643624,0.0015710919088766694,0.00432050274941084,0.0005236973029588898,0.0002618486514794449,0.011914113642314742,0.04818015187221786,0.0005236973029588898,0.002356637863315004,0.0002618486514794449,0.0002618486514794449,0.00851008117308196,0.004975124378109453,0.008902854150301126,0.00968840010473946
valerius_maximus.facta_et_dicta_memorabilia.part.8.txt,8711,351,24.78062678062678,0.6239316239316239,6.857142857142857,0.0013775685914361152,0.0,0.0004591895304787051,0.07576627252898634,0.004132705774308346,0.03294684881184709,0.0013775685914361152,0.012398117322925038,0.0067730455745609,0.0021811502697738493,0.0039031110090689933,0.0008035816783377339,0.0,0.009642980140052807,0.05441395936172655,0.00011479738261967628,0.0019515555045344966,0.0006887842957180576,0.0004591895304787051,0.007806222018137987,0.004706692687406727,0.009413385374813454,0.00860980369647572
valerius_maximus.facta_et_dicta_memorabilia.part.9.txt,8965,368,24.33423913043478,0.5842391304347826,7.163265306122449,0.0007808142777467931,0.0,0.0006692693809258227,0.08209704406023424,0.004015616285554936,0.028890128276631344,0.0015616285554935863,0.009146681539319575,0.0064696040156162855,0.004461795872838818,0.0049079754601227,0.0005577244841048522,0.0002230897936419409,0.01271611823759063,0.05588399330730619,0.00011154489682097045,0.0007808142777467931,0.00011154489682097045,0.0004461795872838818,0.01015058561070831,0.0034578918014500836,0.005800334634690463,0.007361963190184049
vitruvius.de_architectura.part.1.txt,6026,230,26.191304347826087,0.5434782608695652,6.49171270718232,0.002821108529704613,0.00016594756057085962,0.00016594756057085962,0.11931629605044806,0.00431463657484235,0.027049452373050117,0.0004978426817125788,0.013939595087952207,0.002489213408562894,0.00016594756057085962,0.0014935280451377365,0.00016594756057085962,0.00033189512114171923,0.0036508463325589115,0.0804845668768669,0.0,0.0,0.00033189512114171923,0.00016594756057085962,0.0011616329239960172,0.009790906073680716,0.0014935280451377365,0.006637902422834384
vitruvius.de_architectura.part.10.txt,8360,388,21.536082474226806,0.5051546391752577,5.904929577464789,0.002751196172248804,0.00023923444976076556,0.0,0.08397129186602871,0.005741626794258373,0.03409090909090909,0.00011961722488038278,0.008732057416267943,0.005263157894736842,0.0,0.002033492822966507,0.00011961722488038278,0.0,0.004425837320574163,0.09856459330143541,0.0,0.0005980861244019139,0.0,0.0,0.003708133971291866,0.005502392344497608,0.0013157894736842105,0.004425837320574163
vitruvius.de_architectura.part.2.txt,6928,297,23.31986531986532,0.5016835016835017,6.387096774193548,0.003464203233256351,0.0005773672055427252,0.0,0.11287528868360278,0.00894919168591224,0.03882794457274827,0.0002886836027713626,0.007217090069284064,0.0023094688221709007,0.0,0.0021651270207852192,0.0,0.0,0.007072748267898383,0.09382217090069284,0.0,0.0002886836027713626,0.0,0.0,0.005773672055427252,0.006206697459584296,0.0017321016166281756,0.003608545034642032
vitruvius.de_architectura.part.3.txt,4044,175,23.10857142857143,0.4685714285714286,5.78740157480315,0.0009891196834817012,0.0,0.0002472799208704253,0.10089020771513353,0.0027200791295746785,0.028684470820969338,0.0002472799208704253,0.013847675568743818,0.003214638971315529,0.0,0.0019782393669634025,0.0,0.0,0.0009891196834817012,0.09248269040553907,0.0,0.0,0.0,0.0002472799208704253,0.0004945598417408506,0.010880316518298714,0.0019782393669634025,0.005440158259149357
vitruvius.de_architectura.part.4.txt,4043,195,20.72820512820513,0.4461538461538462,6.131782945736434,0.0034627751669552313,0.0,0.0004946821667078902,0.09126885975760574,0.001978728666831561,0.02671283700222607,0.0002473410833539451,0.004452139500371012,0.004204798417017067,0.0,0.002226069750185506,0.0,0.0,0.002226069750185506,0.0927529062577294,0.0,0.0002473410833539451,0.0,0.0002473410833539451,0.0009893643334157804,0.010140984417511748,0.0012367054167697256,0.002473410833539451
vitruvius.de_architectura.part.5.txt,5913,240,24.6375,0.5583333333333333,6.1201923076923075,0.0015220700152207,0.0,0.00033823778116015557,0.0943683409436834,0.004397091155082022,0.027904616945712835,0.00033823778116015557,0.011330965668865212,0.005242685607982411,0.0,0.0015220700152207,0.0,0.0,0.0037206155927617113,0.10096397767630644,0.00016911889058007779,0.0,0.00016911889058007779,0.00016911889058007779,0.0028750211398613224,0.009808895653644512,0.0035514967021816335,0.0033823778116015557
vitruvius.de_architectura.part.6.txt,5038,219,23.004566210045663,0.4383561643835616,6.375,0.003572846367606193,0.0001984914648670107,0.0001984914648670107,0.10301707026597856,0.006153235410877332,0.031163159984120684,0.0001984914648670107,0.009130607383882492,0.004763795156808257,0.0001984914648670107,0.0011909487892020642,0.0,0.0,0.004366812227074236,0.08971814211988885,0.0,0.0,0.0001984914648670107,0.0,0.0017864231838030965,0.007741167129813418,0.0037713378324732037,0.004168320762207225
vitruvius.de_architectura.part.7.txt,5661,243,23.28395061728395,0.4609053497942387,6.15,0.0037095919448860626,0.0001766472354707649,0.0,0.1031619855149267,0.00865571453806748,0.0296767355590885,0.0003532944709415298,0.010952128599187422,0.004592828122239887,0.0005299417064122947,0.0014131778837661192,0.0,0.0,0.008832361773538244,0.07913796149090267,0.0,0.0003532944709415298,0.0,0.0001766472354707649,0.00688924218335983,0.012365306482953541,0.0010598834128245894,0.006006006006006006
vitruvius.de_architectura.part.8.txt,5783,231,25.034632034632036,0.5584415584415584,6.415841584158416,0.003804253847484005,0.0005187618882932734,0.0,0.11672142486598651,0.005879301400657099,0.03389244336849386,0.0,0.008991872730416739,0.0032854919591907314,0.0,0.0015562856648798202,0.0,0.0,0.005706380771226007,0.09303129863392703,0.0,0.0,0.00017292062943109114,0.0,0.0048417776240705515,0.014179491613349473,0.004150095106346187,0.0029396507003285493
vitruvius.de_architectura.part.9.txt,6081,273,22.26007326007326,0.4725274725274725,6.066666666666666,0.00493339911198816,0.000164446637066272,0.000164446637066272,0.08896563065285315,0.007893438579181056,0.0370004933399112,0.000328893274132544,0.009373458312777503,0.00328893274132544,0.000164446637066272,0.001315573096530176,0.0,0.000164446637066272,0.005591185660253248,0.10277914816642,0.0,0.000328893274132544,0.0,0.000328893274132544,0.004440059200789344,0.004440059200789344,0.00164446637066272,0.002795592830126624
